Ȋwȁ@wZR[hꗗ,,,,,,,,,,XVF,5/23/2024
wZR[h,wZ,s{ԍ,"ݒu
敪",{Z,wZ,wZݒn,X֔ԍ,"
ݒN","
p~N","wZ
ԍ",ڍs̊wZR[h
F101110100010,F1(w),01(kC),1(),1({),kCw,kCDyskkW𐼂T,0600808,2021-01-20,,0100,
F101110100029,F1(w),01(kC),1(),1({),kCw,kCDysk悠̗TR|P|R,0028501,2021-01-20,,0104,
F101110100038,F1(w),01(kC),1(),1({),HƑw,kCsQV|P,0508585,2021-01-20,,0108,
F101110100047,F1(w),01(kC),1(),1({),Mȑw,kCMs΂R|T|QP,0478501,2021-01-20,,0112,
F101110100056,F1(w),01(kC),1(),1({),эL{Yw,kCэLscQPP,0808555,2021-01-20,,0116,
F101110100065,F1(w),01(kC),1(),1({),kHƑw,kCksPUT,0908507,2021-01-20,,0120,
F101110100074,F1(w),01(kC),1(),1({),ȑw,kCs΂uQP|P|P,0788510,2021-01-20,,0404,
F101210100081,F1(w),01(kC),2(),1({),Dyȑw,kCDysP𐼂PV|QXP,0608556,2021-01-20,,1100,
F101210100090,F1(w),01(kC),2(),1({),͂Ėw,kCَsTc쒬PPU|Q,0418655,2021-01-20,,1102,
F101210100107,F1(w),01(kC),2(),1({),Hw,kCHsSڂPԂP,0858585,2021-01-20,,1104,
F101210100116,F1(w),01(kC),2(),1({),sw,kCsSkWڂP,0968641,2021-01-20,,1105,
F101210100125,F1(w),01(kC),2(),1({),Dysw,kCDys|p̐XP,0050864,2021-01-20,,1106,
F101210100134,F1(w),01(kC),2(),1({),ΉȊwZpw,kCΎsXVTW|UT,0668655,2021-01-20,,1107,
F101210100143,F1(w),01(kC),2(),1({),sw,kCsiRRQRڂPԂX,0798501,2023-05-01,,,
F101310100141,F1(w),01(kC),3(),1({),Dyw,kCDysL搼RVڂR|P,0628520,2021-01-20,,2001,
F101310100150,F1(w),01(kC),3(),1({),Dyw@w,kC]ʎsPP,0698555,2021-01-20,,2002,
F101310100169,F1(w),01(kC),3(),1({),ّw,kCَsuTP|P,0420955,2021-01-20,,2003,
F101310100178,F1(w),01(kC),3(),1({),qw,kCDyskkPUQ|P|P,0010016,2021-01-20,,2004,
F101310100187,F1(w),01(kC),3(),1({),kww,kCDysʋJnQ|R|P,0048631,2021-01-20,,2005,
F101310100196,F1(w),01(kC),3(),1({),kCww,kCDysL戮SڂP|SO,0628605,2021-01-20,,2006,
F101310100203,F1(w),01(kC),3(),1({),kCȊww,kCDysOcVPT|S|P,0068585,2021-01-20,,2007,
F101310100212,F1(w),01(kC),3(),1({),_ww,kC]ʎsΒTWQԒn,0698501,2021-01-20,,2008,
F101310100221,F1(w),01(kC),3(),9(p),w,kCsiRRQR|P|X,0798413,2021-01-20,2023-05-01,2009,F101210100143
F101310100230,F1(w),01(kC),3(),1({),kCÑw,kCΎSʒPVTV,0610293,2021-01-20,,2011,
F101310100249,F1(w),01(kC),3(),1({),kCȑw,kCDysLLU|U|PO,0628607,2021-01-20,,2012,
F101310100258,F1(w),01(kC),3(),1({),ʓsw,kCkLs̑PSX,0611196,2021-01-20,,2014,
F101310100267,F1(w),01(kC),3(),1({),kCw,kC]ʎsyTX|Q,0698585,2021-01-20,,2015,
F101310100276,F1(w),01(kC),3(),1({),Dyۑw,kCDysc搴cSPڂS|P,0048602,2021-01-20,,2016,
F101310100285,F1(w),01(kC),3(),1({),kđw,kC]ʎsQR,0698511,2021-01-20,,2017,
F101310100294,F1(w),01(kC),3(),1({),kmw,kCϏqsѐRڂQԂP,0591266,2021-01-20,,2019,
F101310100301,F1(w),01(kC),3(),1({),{ԏ\kCŌw,kCksUUSԂP,0900011,2021-01-20,,2020,
F101310100310,F1(w),01(kC),3(),1({),kCw,kCbsTڂPXUԒnP,0611449,2021-01-20,,2021,
F101310100329,F1(w),01(kC),3(),1({),Vgw,kCDyskPR𓌂RڂPԂRO,0650013,2021-01-20,,2022,
F101310100338,F1(w),01(kC),3(),1({),pّw,kCtstPڂQQXOԒnQW,0970013,2021-01-20,,2023,
F101310100347,F1(w),01(kC),3(),1({),DyJw,kCDyskPU𓌂X,0650016,2021-01-20,,2025,
F101310100356,F1(w),01(kC),3(),1({),DyیÑw,kCDys撆SQ|P|PT,0070894,2021-01-20,,2026,
F101310100365,F1(w),01(kC),3(),1({),{Ñw,kCDysL挎RPPڂTO,0620053,2021-01-20,,2027,
F101310100374,F1(w),01(kC),3(),1({),kC΃nre[Vw,kCΎsQ|PO,0660055,2021-01-20,,2028,
F101310100383,F1(w),01(kC),3(),1({),kCqw,kCDyskkQQ𐼂PR,0010022,2024-05-01,,,
F201210000018,F2(Z),01(kC),2(),1({),swZw,kCsiRRQRڂPԂX,0798501,2023-05-01,,,
F201310100382,F2(Z),01(kC),3(),9(p),wZw,kCsiRRQR|P|X,0798413,2021-01-20,2023-05-01,5001,F201210000018
F201310100391,F2(Z),01(kC),3(),1({),эLJZw,kC͓SX]uR|R,0800335,2021-01-20,,5004,
F201310100408,F2(Z),01(kC),3(),1({),HZw,kCHs΃PP|PO|SQ,0850814,2021-01-20,,5005,
F201310100417,F2(Z),01(kC),3(),1({),wqZw,kCDys^㒬R|P|P,0050012,2021-01-20,,5006,
F201310100426,F2(Z),01(kC),3(),1({),DyJwZw,kCDyskPU𓌂X,0650016,2021-01-20,,5007,
F201310100435,F2(Z),01(kC),3(),1({),ّJZw,kCَsbP|Q|R,0410852,2021-01-20,,5012,
F201310100444,F2(Z),01(kC),3(),1({),ْZw,kCَsuTQ|P,0420955,2021-01-20,,5013,
F201310100453,F2(Z),01(kC),3(),1({),kwwZw,kCDysʋJnQ|R|P,0048631,2021-01-20,,5015,
F201310100462,F2(Z),01(kC),3(),9(p),kCȊwwZw,kCDysOcVPT|S|P,0068585,2021-01-20,2023-05-01,5019,
F201310100471,F2(Z),01(kC),3(),1({),kđwZw,kC]ʎsQR,0690833,2021-01-20,,5020,
F201310100480,F2(Z),01(kC),3(),1({),BwkCZw,kC[s[쒬STTW|P,0740000,2021-01-20,,5021,
F201310100499,F2(Z),01(kC),3(),1({),kCqZw,kCDyskkQQ𐼂PR,0010022,2021-01-20,,5022,
F201310100505,F2(Z),01(kC),3(),9(p),DywqZw,kCDysL搼OV|R|P,0628520,2021-01-20,2024-05-01,5025,
F201310100514,F2(Z),01(kC),3(),1({),DyۑwZw,kCDysc搴cSPڂS|P,0048602,2021-01-20,,5026,
F201310100523,F2(Z),01(kC),3(),1({),{@{kCZw,kCsR|P|P,0730014,2021-01-20,,5029,
G101110100535,G1(),01(kC),1(),1({),ٍHƍwZ,kCَsˑqPSԂP,0428501,2021-01-20,,6500,
G101110100544,G1(),01(kC),1(),1({),ϏqHƍwZ,kCϏqsщSSR,0591275,2021-01-20,,6504,
G101110100553,G1(),01(kC),1(),1({),HHƍwZ,kCHsyѐQ|RQ|P,0840916,2021-01-20,,6508,
G101110100562,G1(),01(kC),1(),1({),HƍwZ,kCstQQ|P|U,0718142,2021-01-20,,6512,
F102110100572,F1(w),02(X),1(),1({),OOw,XOOsP,0368560,2021-01-20,,0124,
F102210100589,F1(w),02(X),2(),1({),Xw,XXs厚q򎚎RPTR|S,0300196,2021-01-20,,1112,
F102210100598,F1(w),02(X),2(),1({),Xیw,XXs厚lَԐTWԒn̂P,0300947,2021-01-20,,1113,
F102310100603,F1(w),02(X),3(),1({),Xw,XXsKQ|R|P,0300943,2021-01-20,,2039,
F102310100612,F1(w),02(X),3(),1({),ēcww,XOOsPڂP|PU,0368530,2021-01-20,,2040,
F102310100621,F1(w),02(X),3(),1({),OOw@w,XOOsPR|P,0368577,2021-01-20,,2041,
F102310100630,F1(w),02(X),3(),1({),ˍHƑw,Xˎs厚JWŴP,0310814,2021-01-20,,2042,
F102310100649,F1(w),02(X),3(),1({),ˊw@w,Xˎs厚ۖPR|XW,0310844,2021-01-20,,2043,
F102310100658,F1(w),02(X),3(),1({),Xw@w,XXs厚_cPQ,0300132,2021-01-20,,2044,
F102310100667,F1(w),02(X),3(),1({),OOÕw,XOOs厚OڂPWԒnP,0368102,2021-01-20,,2045,
F202310100675,F2(Z),02(X),3(),1({),X̐Zw,XXsQłQ|U|RQ,0300961,2021-01-20,,5039,
F202310100684,F2(Z),02(X),3(),1({),ēcwwZw,XOOs㊢PQT,0368013,2021-01-20,,5041,
F202310100693,F2(Z),02(X),3(),1({),XZw,XXs厚_cPQ|P,0300132,2021-01-20,,5043,
F202310100700,F2(Z),02(X),3(),1({),ˊw@wZw,Xˎs厚ۖPR|RWS,0310844,2021-01-20,,5044,
F202310100719,F2(Z),02(X),3(),1({),OOÕwZw,XOOsRڂPW|P,0368102,2021-01-20,,5045,
G102110100721,G1(),02(X),1(),1({),ˍHƍwZ,Xˎs厚cʖ؎약PU|P,0391192,2021-01-20,,6516,
F103110100731,F1(w),03(),1(),1({),w,茧scR|PW|W,0208550,2021-01-20,,0128,
F103210100748,F1(w),03(),2(),1({),茧w,茧sqPTQ|TQ,0200693,2021-01-20,,1114,
F103310100755,F1(w),03(),3(),1({),ȑw,茧gSВʈ꒚ڂPԂP,0283694,2021-01-20,,2052,
F103310100764,F1(w),03(),3(),1({),xmw,茧ԊsqSTO|R,0250025,2021-01-20,,2053,
F103310100773,F1(w),03(),3(),1({),w,茧sWOW,0200694,2021-01-20,,2054,
F103310100782,F1(w),03(),3(),1({),یÑw,茧swʈ꒚ڂUԂRO,0200045,2021-01-20,,2055,
F203210100792,F2(Z),03(),2(),1({),茧wZw,茧sqPTQ|TQ,0200693,2021-01-20,,4360,
F203210100809,F2(Z),03(),2(),1({),茧w{ÒZw,茧{Îs͓꒚ڂTԂP,0270039,2021-01-20,,4362,
F203310100816,F2(Z),03(),3(),1({),CgZw,茧֎s|ۂSX|P,0210902,2021-01-20,,5052,
F203310100825,F2(Z),03(),3(),1({),wZw,茧sWOW,0200694,2021-01-20,,5053,
F203310100834,F2(Z),03(),3(),9(p),ŌZw,茧s劘炪EPS|P,0200751,2021-01-20,2021-05-27,5055,
G103110100846,G1(),03(),1(),1({),֍HƍwZ,茧֎s,0218511,2021-01-20,,6520,
F104110100856,F1(w),04({),1(),1({),kw,{錧stЕQ|P|P,9808577,2021-01-20,,0132,
F104110100865,F1(w),04({),1(),1({),{鋳w,{錧strtPSX,9800845,2021-01-20,,0136,
F104210100872,F1(w),04({),2(),1({),{w,{錧SawP|P,9813298,2021-01-20,,1116,
F104310100889,F1(w),04({),3(),1({),w,{錧ēcSēcDQ|Q|PW,9891603,2021-01-20,,2061,
F104310100898,F1(w),04({),3(),1({),kw@w,{錧styP|R|P,9808511,2021-01-20,,2062,
F104310100905,F1(w),04({),3(),1({),kHƑw,{錧s攪؎RRT|P,9828577,2021-01-20,,2063,
F104310100914,F1(w),04({),3(),1({),kw,{錧st捑P|W|P,9818522,2021-01-20,,2064,
F104310100923,F1(w),04({),3(),1({),kȖȑw,{錧st揬S|S|P,9818558,2021-01-20,,2065,
F104310100932,F1(w),04({),3(),1({),kw,{錧s̋uP|PW|Q,9818585,2021-01-20,,2066,
F104310100941,F1(w),04({),3(),1({),{w@qw,{錧stPuX|P|P,9818557,2021-01-20,,2067,
F104310100950,F1(w),04({),3(),1({),ΊCw,{錧Ίs싫V˂P,9868580,2021-01-20,,2068,
F104310100969,F1(w),04({),3(),1({),䔒Sqw,{錧s{cU|P,9813107,2021-01-20,,2069,
F104310100978,F1(w),04({),3(),1({),kww,{錧st捑UڂSTԂP,9818551,2021-01-20,,2070,
F104310100987,F1(w),04({),3(),1({),Dw@w,{錧s肪ulڂPOԂP,9811245,2021-01-20,,2071,
F104310100996,F1(w),04({),3(),1({),tw@w,{錧sы܋OڂTԂVT,9840022,2024-05-01,,,
F204310100995,F2(Z),04({),3(),1({),{鐽^Zw,{錧sÐ앟P|QV|Q,9896105,2021-01-20,,5061,
F204310101002,F2(Z),04({),3(),1({),awZw,{錧s쒆RT|T|Q,9813213,2021-01-20,,5063,
F204310101011,F2(Z),04({),3(),1({),kwZw,{錧s̋uP|PW|Q,9818585,2021-01-20,,5065,
F204310101020,F2(Z),04({),3(),1({),tw@Zw,{錧sы܋OڂTԂVT,9840022,2021-01-20,,5068,
F204310101039,F2(Z),04({),3(),1({),ԖZw,{錧strtU|SP,9800845,2021-01-20,,5069,
G104110101041,G1(),04({),1(),1({),䍂wZ,{錧st戤qSڂPUԂP,9893128,2021-01-20,,6721,
F105110101051,F1(w),05(Hc),1(),1({),Hcw,HcHcs`wP|P,0108502,2021-01-20,,0140,
F105210101068,F1(w),05(Hc),2(),1({),Hcw,HcHcsV钆쎚X[QSP|SRW,0100195,2021-01-20,,1120,
F105210101077,F1(w),05(Hc),2(),1({),ۋ{w,HcHcsYa֐쎚֑,0101292,2021-01-20,,1121,
F105210101086,F1(w),05(Hc),2(),1({),Hcpw,HcHcsV쒬PQ|R,0101632,2021-01-20,,1135,
F105310101093,F1(w),05(Hc),3(),1({),m[XAWAw,HcHcskSU|P,0108515,2021-01-20,,2080,
F105310101100,F1(w),05(Hc),3(),1({),HcŌ앟w,Hcَs񒚖ڂRԂS,0170046,2021-01-20,,2081,
F105310101119,F1(w),05(Hc),3(),1({),{ԏ\HcŌw,HcHcsk艎ccPVԒnR,0101493,2021-01-20,,2082,
F205310101127,F2(Z),05(Hc),3(),1({),Hch{Zw,HcHcskSU|P,0108515,2021-01-20,,5080,
F205310101136,F2(Z),05(Hc),3(),1({),wZw,HcHcsی˖삷풬P|TW,0100911,2021-01-20,,5081,
F205310101145,F2(Z),05(Hc),3(),1({),쏗qZw,HcHcsPO|RR,0110937,2021-01-20,,5082,
F205310101154,F2(Z),05(Hc),3(),1({),{ԏ\HcZw,HcHcsk艎ccPVԒnR,0101492,2021-01-20,,5084,
G105110101166,G1(),05(Hc),1(),1({),HcHƍwZ,HcHcsѓP|P,0118511,2021-01-20,,6528,
F106110101176,F1(w),06(R`),1(),1({),R`w,R`R`s쒬P|S|PQ,9908560,2021-01-20,,0144,
F106210101183,F1(w),06(R`),2(),1({),R`یÑw,R`R`sQUOԒn,9902212,2021-01-20,,1122,
F106210101192,F1(w),06(R`),2(),1({),R`đh{w,R`đsʒU|PT|P,9920025,2021-01-20,,1123,
F106210101209,F1(w),06(R`),2(),1({),k_ѐEw,R`VspPRUUԒn,9960052,2024-05-01,,,
F106310101207,F1(w),06(R`),3(),1({),k|pHȑw,R`R`scR|S|T,9909530,2021-01-20,,2090,
F106310101216,F1(w),06(R`),3(),1({),kvȑw,R`csѐXROڂTԒn̂P,9988580,2021-01-20,,2091,
F106310101225,F1(w),06(R`),3(),1({),kw,R`R`sВJnTPT,9902316,2021-01-20,,2092,
F106310101234,F1(w),06(R`),3(),1({),dreBVXeEw,R`uSіLPVQT|Q,9990602,2023-05-01,,,
F206210101235,F2(Z),06(R`),2(),1({),R`đ򏗎qZw,R`đsʒU|PT|P,9920025,2021-01-20,,4372,
F206310101242,F2(Z),06(R`),3(),1({),HzwZw,R`Vs厚rPTTX,9940065,2021-01-20,,5090,
F206310101251,F2(Z),06(R`),3(),1({),kwZw,R`R`sВJnTPT,9902316,2021-01-20,,5092,
G106110101263,G1(),06(R`),1(),1({),߉HƍwZ,R`߉s䉪cPOS,9978511,2021-01-20,,6532,
F107110101273,F1(w),07(),1(),1({),w,sJPԒn,9601296,2021-01-20,,0148,
F107210101280,F1(w),07(),2(),1({),ȑw,suP,9601295,2021-01-20,,1124,
F107210101299,F1(w),07(),2(),1({),Ñw,Îᏼsꖥ厚߉ꎚ㋏XO,9658580,2021-01-20,,1128,
F107310101304,F1(w),07(),3(),1({),SRqw,SRsJR|QT|Q,9638503,2021-01-20,,2100,
F107310101313,F1(w),07(),3(),1({),Hw,SRsxcOpRP|P,9638041,2021-01-20,,2101,
F107310101322,F1(w),07(),3(),1({),Ñnw,킫sіT|T|P,9708551,2021-01-20,,2103,
F107310101331,F1(w),07(),3(),1({),{ۑw,킫scRV,9708023,2021-01-20,,2105,
F107310101340,F1(w),07(),3(),1({),w@w,s{㎚rPԒnP,9600181,2021-01-20,,2107,
F207210101350,F2(Z),07(),2(),1({),ÑwZw,Îᏼsꖥ厚cP|P,9658570,2021-01-20,,4376,
F207310101367,F2(Z),07(),3(),1({),SRqwZw,SRsJR|QT|Q,9638503,2021-01-20,,5093,
F207310101376,F2(Z),07(),3(),1({),̐Zw,sԉR|U,9608112,2021-01-20,,5094,
F207310101385,F2(Z),07(),3(),1({),킫Zw,킫scRV,9708023,2021-01-20,,5095,
F207310101394,F2(Z),07(),3(),1({),w@wZw,s{㎚rP|P,9600181,2021-01-20,,5096,
G107110101404,G1(),07(),1(),1({),HƍwZ,킫sr쎚RO,9708034,2021-01-20,,6536,
F108110101414,F1(w),08(),1(),1({),w,錧ˎsQ|P|P,3100056,2021-01-20,,0152,
F108110101423,F1(w),08(),1(),1({),}gw,錧ΎsVPڂP|P,3058577,2021-01-20,,0408,
F108110101432,F1(w),08(),1(),1({),}gZpw,錧ΎsVvۂS|R|PT,3058520,2021-01-20,,0540,
F108210101449,F1(w),08(),2(),1({),錧Ñw,錧~SSUUX|Q,3000394,2021-01-20,,1132,
F108310101456,F1(w),08(),3(),1({),LXgw,錧s݂U|PP|P,3191295,2021-01-20,,2113,
F108310101465,F1(w),08(),3(),1({),ʌoϑw,錧PsPQO,3018555,2021-01-20,,2114,
F108310101474,F1(w),08(),3(),1({),֑w,錧ˎsaP|SRO|P,3108585,2021-01-20,,2115,
F108310101483,F1(w),08(),3(),1({),΍ۑw,錧yYs^U|QO|P,3000051,2021-01-20,,2116,
F108310101492,F1(w),08(),3(),1({),{ۊww,錧ΎsȂRڂP,3050031,2021-01-20,,2117,
F108310101508,F1(w),08(),3(),1({),{EFlXX|[cw,錧knS厚zPRVV,3001622,2021-01-20,,2118,
F108310111971,F1(w),08(),3(),1({),A[ÐEw,錧yYsΖk񒚖ڂPOԂRT,3000032,2022-05-01,,,
F208310101516,F2(Z),08(),3(),1({),鏗qZw,錧߉ώsؑqXUO|Q,3110114,2021-01-20,,5114,
F208310101525,F2(Z),08(),3(),1({),΍ےZw,錧yYs^U|QO|P,3000051,2021-01-20,,5115,
F208310101534,F2(Z),08(),3(),1({),֒Zw,錧ˎsaP|SRO|P,3108585,2021-01-20,,5116,
G108110101546,G1(),08(),1(),1({),HƍwZ,錧ЂȂsWUU,3128508,2021-01-20,,6540,
F109110101556,F1(w),09(Ȗ),1(),1({),Fs{w,Ȗ،Fs{sRTO,3210943,2021-01-20,,0156,
F109310101561,F1(w),09(Ȗ),3(),1({),w,Ȗ،sOQUW|P,3268558,2021-01-20,,2128,
F109310101570,F1(w),09(Ȗ),3(),1({),w,Ȗ،RswʂQ|R|T,3230022,2021-01-20,,2130,
F109310101589,F1(w),09(Ȗ),3(),1({),Vw@w,Ȗ،Fs{s|XOW,3213295,2021-01-20,,2131,
F109310101598,F1(w),09(Ȗ),3(),1({),ۈÕw,Ȗ،cskێmQUOO|P,3248501,2021-01-20,,2133,
F109310101605,F1(w),09(Ȗ),3(),1({),Fs{aw,Ȗ،F{sʂP|R|PW,3200811,2021-01-20,,2134,
F109310101614,F1(w),09(Ȗ),3(),1({),|pw,Ȗ،Fs{sˍՎlڂWԂPT,3200058,2021-01-20,,2135,
F109310101623,F1(w),09(Ȗ),3(),1({),ȑw,Ȗ،stRRPP|P,3290498,2021-01-20,,2140,
F109310101632,F1(w),09(Ȗ),3(),1({),Ջȑw,Ȗ،sSp厚kтWWO,3210293,2021-01-20,,2141,
F209310101640,F2(Z),09(Ȗ),3(),1({),{wZw,Ȗ،sPQXV,3270821,2021-01-20,,5127,
F209310101659,F2(Z),09(Ȗ),3(),1({),Fs{Zw,Ȗ،Fs{srjRWQX,3210346,2021-01-20,,5128,
F209310101668,F2(Z),09(Ȗ),3(),1({),{@{ȖؒZw,Ȗ،Ȗ؎s䒬UOW,3288588,2021-01-20,,5129,
F209310101677,F2(Z),09(Ȗ),3(),1({),Vw@wqZw,Ȗ،Fs{s|XOW,3213295,2021-01-20,,5130,
F209310101686,F2(Z),09(Ȗ),3(),1({),Zw,Ȗ،s{R|QPQO,3260808,2021-01-20,,5132,
F209310101695,F2(Z),09(Ȗ),3(),9(p),Fs{Zw,Ȗ،Fs{sˍՂS|W|PT,3200058,2021-01-20,2024-05-01,5134,
G109110101705,G1(),09(Ȗ),1(),1({),RHƍwZ,Ȗ،Rs厚vVVP,3230806,2021-01-20,,6544,
F110110101713,F1(w),10(Qn),1(),1({),Qnw,QnOsrqS|Q,3718510,2021-01-20,,0160,
F110210101720,F1(w),10(Qn),2(),1({),oϑw,Qns|PROO,3700801,2021-01-20,,1136,
F110210101739,F1(w),10(Qn),2(),1({),OHȑw,QnOs㍲SUO|P,3710816,2021-01-20,,1138,
F110210101748,F1(w),10(Qn),2(),1({),Qnqw,QngSʑ厚VPRXT|P,3701193,2021-01-20,,1140,
F110210101757,F1(w),10(Qn),2(),1({),QnNȊww,QnOs㉫RQRԂP,3710052,2021-01-20,,1142,
F110310101764,F1(w),10(Qn),3(),1({),pw,QnsڒPUTU|P,3700011,2021-01-20,,2120,
F110310101773,F1(w),10(Qn),3(),1({),ːw,Qn݂ǂs}UOUԂV,3792392,2021-01-20,,2121,
F110310101782,F1(w),10(Qn),3(),1({),Qnp[Xw,Qns≮P|V|P,3700006,2021-01-20,,2122,
F110310101791,F1(w),10(Qn),3(),1({),QnÕw,QnOsȒPXP|P,3710823,2021-01-20,,2132,
F110310101808,F1(w),10(Qn),3(),1({),茒Nw,QnsޒRV|PԒn,3700033,2021-01-20,,2137,
F110310101817,F1(w),10(Qn),3(),1({),菤ȑw,QnsVSPԒn,3701214,2021-01-20,,2138,
F110310101826,F1(w),10(Qn),3(),1({),㕐w,Qnɐs˒J˒URS|P,3728588,2021-01-20,,2139,
F110310101835,F1(w),10(Qn),3(),1({),֓ww,QncsvQOO,3738515,2021-01-20,,2142,
F110310101844,F1(w),10(Qn),3(),1({),wOۑw,QnOsPPTSԂS,3792121,2021-01-20,,2143,
F110310102843,F1(w),10(Qn),3(),1({),w,QnɐsRQOQO|P,3720831,2023-05-01,,,
F210310101852,F2(Z),10(Qn),3(),1({),wZw,QnɐsRQOQO|P,3720831,2021-01-20,,5112,
F210310101861,F2(Z),10(Qn),3(),1({),QnÕwZw,QnOsȒPXP|P,3710823,2021-01-20,,5135,
F210310101870,F2(Z),10(Qn),3(),1({),菤ȑwZw,QnsVSP,3701214,2021-01-20,,5137,
F210310101889,F2(Z),10(Qn),3(),1({),VwZw,QnsaTR,3700068,2021-01-20,,5138,
F210310101898,F2(Z),10(Qn),3(),9(p),֓Zw,ٗюsJUQT,3740051,2021-01-20,2021-05-27,5139,
F210310101905,F2(Z),10(Qn),3(),1({),ːwZw,Qn݂ǂs}UOUԂV,3792392,2021-01-20,,5140,
F210310101914,F2(Z),10(Qn),3(),1({),wOۑwZw,QnOsaR|V|QV,3710034,2021-01-20,,5142,
F210310101923,F2(Z),10(Qn),3(),1({),pZw,QnsڒPUTU|P,3700011,2021-01-20,,5143,
G110110101935,G1(),10(Qn),1(),1({),QnHƍwZ,QnOsHTWO,3718530,2021-01-20,,6548,
F111110101945,F1(w),11(),1(),1({),ʑw,ʌ܎s扺vۂQTT,3388570,2021-01-20,,0164,
F111210101952,F1(w),11(),2(),1({),ʌw,ʌzJsO{WQO,3438540,2021-01-20,,1143,
F111310101969,F1(w),11(),3(),1({),{ÉȊww,ʌԌSјCR쌴PQVUԒn,3500435,2021-01-20,,2119,
F111310101978,F1(w),11(),3(),1({),{ȑw,ʌkSɓޒPOQWP,3620806,2021-01-20,,2125,
F111310101987,F1(w),11(),3(),1({),w@w,ʌRsLR|QU|P,3501328,2021-01-20,,2126,
F111310101996,F1(w),11(),3(),1({),Yaw,ʌ܎s΋RTTPԒn,3360974,2021-01-20,,2129,
F111310102003,F1(w),11(),3(),1({),̂w,ʌscs厚OJRRR,3610038,2021-01-20,,2136,
F111310102012,F1(w),11(),3(),1({),hw,ʌtsqSPTWԒn,3440051,2021-01-20,,2145,
F111310102021,F1(w),11(),3(),1({),ʊww,ʌs厚ؑ]CPTPOԒn,3330831,2021-01-20,,2146,
F111310102030,F1(w),11(),3(),1({),ww,ʌzsLcP|P|P,3501110,2021-01-20,,2147,
F111310102049,F1(w),11(),3(),1({),lԑȊww,ʌ܎s΋nPQWW,3398539,2021-01-20,,2148,
F111310102058,F1(w),11(),3(),1({),w,ʌRs厚Vc͌RPPԒnP,3501336,2021-01-20,,2149,
F111310102067,F1(w),11(),3(),1({),\wqw,ʌVsQ|P|QW,3528510,2021-01-20,,2150,
F111310102076,F1(w),11(),3(),1({),ۑw,ʌ{s厚[嗧QOOO,3478504,2021-01-20,,2151,
F111310102085,F1(w),11(),3(),9(p),ۑw,ʌzsIkP|PR|P,3501197,2021-01-20,2024-05-01,2153,F113310104198
F111310102094,F1(w),11(),3(),1({),鐼w,ʌˎs₫P|P,3500295,2021-01-20,,2154,
F111310102101,F1(w),11(),3(),1({),Myw,ʌzsWS,3500015,2021-01-20,,2155,
F111310102110,F1(w),11(),3(),1({),Ջw,ʌswP|P,3400042,2021-01-20,,2156,
F111310102129,F1(w),11(),3(),1({),{HƑw,ʌʌS{㒬wS|P|P,3458501,2021-01-20,,2157,
F111310102138,F1(w),11(),3(),1({),Cw,ʌˎs₫P|P,3500283,2021-01-20,,2159,
F111310102147,F1(w),11(),3(),1({),ʈȑw,ʌԌSјCRјC{RW,3500495,2021-01-20,,2160,
F111310102156,F1(w),11(),3(),1({),ʍHƑw,ʌ[JsώPUXO,3690203,2021-01-20,,2161,
F111310102165,F1(w),11(),3(),1({),x͑w,ʌє\s厚{̖؂UXW,3578555,2021-01-20,,2162,
F111310102174,F1(w),11(),3(),1({),w@w,ʌsˍP|P,3628585,2021-01-20,,2163,
F111310102183,F1(w),11(),3(),1({),qh{w,ʌˎscR|X|QP,3500288,2021-01-20,,2209,
F111310102192,F1(w),11(),3(),1({),sw,ʌ[JsĒSڂQԂPP,3660052,2021-01-20,,2265,
F111310102209,F1(w),11(),3(),1({),{یÑw,ʌKs厚KPXUP|Q,3400113,2021-01-20,,2266,
F111310102860,F1(w),11(),3(),1({),w,ʌzJs쉬RRRV,3438511,2023-05-01,,,
F211310102217,F2(Z),11(),3(),1({),Zw,ʌRsLR|QU|P,3501328,2021-01-20,,5147,
F211310102226,F2(Z),11(),3(),1({),ʏ^Zw,ʌHs␣SRO,3480045,2021-01-20,,5148,
F211310102235,F2(Z),11(),3(),1({),鐼Zw,ʌˎs₫P|P,3500295,2021-01-20,,5149,
F211310102244,F2(Z),11(),3(),1({),ۊw@ʒZw,ʌ܎s{g~Q|T,3308548,2021-01-20,,5150,
F211310102253,F2(Z),11(),3(),9(p),YawZw,ʌ܎s΋RTTP,3360974,2021-01-20,2023-05-01,5152,
F211310102262,F2(Z),11(),3(),1({),HwZw,ʌs򒬂PVWX,3591112,2021-01-20,,5155,
F211310102271,F2(Z),11(),3(),1({),Zw,ʌs厚ؑ]CPTPP,3330831,2021-01-20,,5157,
F211310102280,F2(Z),11(),3(),1({),ʈȑwZw,ʌԌSјCRјC{RW,3500495,2021-01-20,,5160,
F211310102299,F2(Z),11(),3(),1({),ʏqZw,ʌs厚e͌PUPU,3501227,2021-01-20,,5161,
F211310102306,F2(Z),11(),3(),1({),RwZw,ʌSR΍UOS,3500311,2021-01-20,,5162,
F211310102315,F2(Z),11(),3(),1({),uZw,ʌSg厚gPPP|P,3550154,2021-01-20,,5163,
F211310102324,F2(Z),11(),3(),1({),ʓGZw,ʌzJsVzJQ|QP|P,3430857,2021-01-20,,5262,
F112110102337,F1(w),12(t),1(),1({),tw,ttsы퐶P|RR,2638522,2021-01-20,,0168,
F112210102353,F1(w),12(t),2(),1({),tیÑw,ttsltQڂPOԂP,2610014,2021-01-20,,1144,
F112310102342,F1(w),12(t),3(),1({),w,ttsltQ|PP,2610014,2021-01-20,,0991,
F112310102360,F1(w),12(t),3(),1({),tȊww,tqsRԒn,2880025,2021-01-20,,2123,
F112310102379,F1(w),12(t),3(),1({),ww,tlXslXPTRQ,2840005,2021-01-20,,2166,
F112310102388,F1(w),12(t),3(),1({),Jqۑw,tsPQQTԂU,2770005,2021-01-20,,2167,
F112310102397,F1(w),12(t),3(),1({),aw,t؍XÎscR|S|T,2928555,2021-01-20,,2168,
F112310102404,F1(w),12(t),3(),1({),鐼ۑw,tsP,2838555,2021-01-20,,2170,
F112310102413,F1(w),12(t),3(),1({),iw,ttsގQOO,2608701,2021-01-20,,2171,
F112310102422,F1(w),12(t),3(),1({),hw,ttsы挊P|T|QP,2630024,2021-01-20,,2172,
F112310102431,F1(w),12(t),3(),1({),tHƑw,tKusÓcQ|PV|P,2750016,2021-01-20,,2173,
F112310102440,F1(w),12(t),3(),1({),tȑw,tss{P|R|P,2728512,2021-01-20,,2174,
F112310102459,F1(w),12(t),3(),1({),w@w,t䑷qsvƂSTP,2701196,2021-01-20,,2175,
F112310102468,F1(w),12(t),3(),1({),Vw,tsPuQ|P|P,2778686,2021-01-20,,2176,
F112310102477,F1(w),12(t),3(),1({),amqw,tss{Q|R|P,2728533,2021-01-20,,2177,
F112310102486,F1(w),12(t),3(),1({),ەw,tYsVWSP,2995224,2021-01-20,,2180,
F112310102495,F1(w),12(t),3(),1({),_cOw,ttsltP|S|P,2600000,2021-01-20,,2181,
F112310102501,F1(w),12(t),3(),1({),toϑw,ttsы捌R|TX|T,2630021,2021-01-20,,2183,
F112310102510,F1(w),12(t),3(),1({),Gw,tswP|P,2760003,2021-01-20,,2184,
F112310102529,F1(w),12(t),3(),1({),쑺wqw,t䑷qsP˂PPRR,2701138,2021-01-20,,2185,
F112310102538,F1(w),12(t),3(),1({),w,ttst䐬S|P,2658501,2021-01-20,,2186,
F112310102547,F1(w),12(t),3(),1({),w,t󐼎sR|ROP|T,2701347,2021-01-20,,2187,
F112310102556,F1(w),12(t),3(),1({),w,tˎs␣TTO,2718555,2021-01-20,,2188,
F112310102565,F1(w),12(t),3(),1({),]ːw,tRs؂SVS,2700198,2021-01-20,,2189,
F112310102574,F1(w),12(t),3(),1({),rabÑw,tYsCTڂWԂP,2798567,2021-01-20,,2262,
F112310102583,F1(w),12(t),3(),1({),Aww,ttst揬qPURXԂR,2640007,2021-01-20,,2263,
F112310102592,F1(w),12(t),3(),1({),Ow@w,t΋S命쒬v䌴PTOOԒn,2980200,2021-01-20,,2264,
F112310102609,F1(w),12(t),3(),1({),TcÑw,tsSUQԒn,2960001,2021-01-20,,2270,
F212310102617,F2(Z),12(t),3(),1({),tZw,tts쐶PSPQ,2608685,2021-01-20,,5156,
F212310102626,F2(Z),12(t),3(),1({),aw@Zw,tssQ|PV|P,2720823,2021-01-20,,5171,
F212310102635,F2(Z),12(t),3(),1({),wZw,tˎs␣TTO,2718555,2021-01-20,,5172,
F212310102644,F2(Z),12(t),3(),1({),awZw,t؍XÎscR|S|Q,2928511,2021-01-20,,5173,
F212310102653,F2(Z),12(t),3(),1({),hZw,ttsы挊P|T|QP,2630024,2021-01-20,,5174,
F212310102662,F2(Z),12(t),3(),1({),toϑwZw,ttsы捌R|TX|T,2630021,2021-01-20,,5178,
F212310102671,F2(Z),12(t),3(),1({),ocZw,tss񖓂UQT|P,2720001,2021-01-20,,5184,
F212310102680,F2(Z),12(t),3(),1({),AwZw,ttst揬qPURXԂR,2640007,2021-01-20,,5185,
G112110102692,G1(),12(t),1(),1({),؍XÍHƍwZ,t؍XÎs䓌Q|PP|P,2920041,2021-01-20,,6556,
F113110102700,F1(w),13(),1(),1({),w,s{V|R|P,1130033,2021-01-20,,0172,
F113110102719,F1(w),13(),1(),1({),Ȏȑw,s擒P|T|ST,1130034,2021-01-20,,0176,
F113110102728,F1(w),13(),1(),1({),Ow,s{sR|PP|P,1838534,2021-01-20,,0180,
F113110102737,F1(w),13(),1(),1({),|pw,s䓌PQ|W,1100007,2021-01-20,,0184,
F113110102746,F1(w),13(),1(),1({),HƑw,sڍ剪RQ|PQ|P,1528550,2021-01-20,,0192,
F113110102755,F1(w),13(),1(),1({),̐qw,s˂Q|P|P,1128610,2021-01-20,,0204,
F113110102764,F1(w),13(),1(),1({),w|w,ssшkS|P|P,1848501,2021-01-20,,0208,
F113110102773,F1(w),13(),1(),1({),_Hw,s{sR|W|P,1838538,2021-01-20,,0212,
F113110102782,F1(w),13(),1(),1({),dCʐMw,szszPuP|T|P,1828585,2021-01-20,,0216,
F113110102791,F1(w),13(),1(),1({),ꋴw,ssQ|P,1868601,2021-01-20,,0220,
F113110102808,F1(w),13(),1(),1({),􌤋w@w,s`Z{؂V|QQ|P,1068677,2021-01-20,,0496,
F113110102817,F1(w),13(),1(),1({),Cmw,s``S|T|V,1088477,2021-01-20,,0504,
F113210102824,F1(w),13(),2(),1({),sw,sqsPڂP,1920397,2021-01-20,,1149,
F113210102833,F1(w),13(),2(),1({),sYƋZpw@w,si擌꒚ڂPOԂSO,1400011,2021-01-20,,1154,
F113310102840,F1(w),13(),3(),9(p),w,sL擌r܂S|QR|P,1708426,2021-01-20,2023-05-01,2144,F110310102843
F113310102859,F1(w),13(),3(),1({),Ռwqw,s˂P|T|Q,1128687,2021-01-20,,2152,
F113310102868,F1(w),13(),3(),9(p),w,sȋR|Q|PV,1420064,2021-01-20,2023-05-01,2158,F111310102860
F113310102877,F1(w),13(),3(),1({),w@w,suP|PX|P,1138668,2021-01-20,,2164,
F113310102886,F1(w),13(),3(),1({),ڔw,sVh撆SڂRPԂP,1618539,2021-01-20,,2165,
F113310102895,F1(w),13(),3(),1({),w,sk\P|V|PR,1140033,2021-01-20,,2169,
F113310102902,F1(w),13(),3(),1({),mww,s{P|QU|R,1130033,2021-01-20,,2179,
F113310102911,F1(w),13(),3(),1({),鋞w,sL擌r܂Q|TP|S,1708445,2021-01-20,,2182,
F113310102920,F1(w),13(),3(),1({),Rw@w,saJaJS|S|QT,1500002,2021-01-20,,2190,
F113310102939,F1(w),13(),3(),1({),ww,s䓌擌S|QS|PQ,1108642,2021-01-20,,2191,
F113310102948,F1(w),13(),3(),1({),ȏqw,scOԒPQ,1028357,2021-01-20,,2192,
F113310102957,F1(w),13(),3(),1({),wK@w,sLڔP|T|P,1718588,2021-01-20,,2193,
F113310102966,F1(w),13(),3(),1({),kw,s`攒T|X|P,1088641,2021-01-20,,2194,
F113310102975,F1(w),13(),3(),1({),qw,sccQ|Q|P,1018437,2021-01-20,,2195,
F113310102984,F1(w),13(),3(),1({),c`mw,s`OcQ|PT|ST,1088345,2021-01-20,,2197,
F113310102993,F1(w),13(),3(),1({),Hw@w,sVh搼VhP|QS|Q,1638677,2021-01-20,,2198,
F113310103000,F1(w),13(),3(),1({),{@{,saJ擌S|PO|QW,1508440,2021-01-20,,2199,
F113310103019,F1(w),13(),3(),1({),mڑw,scJ搢cJS|QW|P,1548515,2021-01-20,,2200,
F113310103028,F1(w),13(),3(),1({),Vw,scJP|QR|P,1540012,2021-01-20,,2201,
F113310103037,F1(w),13(),3(),1({),Hqw,ssS|P|P,1910061,2021-01-20,,2202,
F113310103046,F1(w),13(),3(),1({),ŉYHƑw,s]LFR|V|T,1358548,2021-01-20,,2203,
F113310103055,F1(w),13(),3(),1({),Vw,s{Q|P|P,1138421,2021-01-20,,2204,
F113310103064,F1(w),13(),3(),1({),qw,scI䒬V|P,1028554,2021-01-20,,2205,
F113310103073,F1(w),13(),3(),1({),aw,sȋP|T|W,1428555,2021-01-20,,2206,
F113310103082,F1(w),13(),3(),1({),aqw,scJ摾qP|V|TV,1548533,2021-01-20,,2207,
F113310103091,F1(w),13(),3(),1({),aȑw,scsʐwR|RPUT,1948543,2021-01-20,,2208,
F113310103108,F1(w),13(),3(),1({),qpw,sacP|SX|W,1668538,2021-01-20,,2210,
F113310103117,F1(w),13(),3(),1({),앞w,siS|U|PX,1410021,2021-01-20,,2211,
F113310103126,F1(w),13(),3(),1({),w,scJ搬U|P|QO,1578511,2021-01-20,,2212,
F113310103135,F1(w),13(),3(),1({),Sqw,saJLS|R|P,1500012,2021-01-20,,2213,
F113310103144,F1(w),13(),3(),1({),򏗎qw,si擌ܔcR|PU|QP,1410022,2021-01-20,,2214,
F113310103153,F1(w),13(),3(),1({),Hۑw,s斾ΒPO|P,1040044,2021-01-20,,2215,
F113310103162,F1(w),13(),3(),1({),Cw,sc_c_ےR|W,1018425,2021-01-20,,2216,
F113310103171,F1(w),13(),3(),1({),吳w,sL搼R|QO|P,1700001,2021-01-20,,2218,
F113310103180,F1(w),13(),3(),1({),哌w,s捂P|X|P,1758571,2021-01-20,,2219,
F113310103199,F1(w),13(),3(),1({),w,s{Q|PX|P,1680061,2021-01-20,,2220,
F113310103206,F1(w),13(),3(),1({),Bw,s揬R|S|PS,1120006,2021-01-20,,2221,
F113310103215,F1(w),13(),3(),1({),pw,scJтR|PT|RS,1588558,2021-01-20,,2222,
F113310103224,F1(w),13(),3(),1({),w,sqsVSQ|P,1920393,2021-01-20,,2223,
F113310103233,F1(w),13(),3(),1({),Cw,saJxJQ|PO|Q,1510063,2021-01-20,,2224,
F113310103242,F1(w),13(),3(),1({),ȑw,sVhVhU|P|P,1608402,2021-01-20,,2225,
F113310103251,F1(w),13(),3(),1({),Ɛw,sP|PW|P,1738602,2021-01-20,,2226,
F113310103260,F1(w),13(),3(),1({),Ɛw@w,scOԒQQԒn,1028341,2021-01-20,,2227,
F113310103279,F1(w),13(),3(),1({),ȑw,sc_cO蒬Q|X|PW,1010061,2021-01-20,,2228,
F113310103288,F1(w),13(),3(),1({),bȑw,s`搼VR|QT|W,1058461,2021-01-20,,2229,
F113310103297,F1(w),13(),3(),1({),qw,sPQ|U|P,1670041,2021-01-20,,2230,
F113310103304,F1(w),13(),3(),1({),qȑw,sVh͓cW|P,1620054,2021-01-20,,2231,
F113310103313,F1(w),13(),3(),1({),d@w,sZT,1200026,2021-01-20,,2232,
F113310103322,F1(w),13(),3(),1({),_Ƒw,scJuP|P|P,1560054,2021-01-20,,2233,
F113310103331,F1(w),13(),3(),1({),ȑw,sqsxVPSRQ|P,1920392,2021-01-20,,2234,
F113310103340,F1(w),13(),3(),1({),ȑw,sVh_yP|R,1628601,2021-01-20,,2235,
F113310103359,F1(w),13(),3(),1({),Mw,scXT|QP|PU,1438540,2021-01-20,,2236,
F113310103368,F1(w),13(),3(),1({),mw,s攒RT|QW|QO,1120001,2021-01-20,,2237,
F113310103377,F1(w),13(),3(),1({),yw,sڍڍP|X|P,1538622,2021-01-20,,2238,
F113310103386,F1(w),13(),3(),1({),񏼊wɑw,scOԒU|PU,1028336,2021-01-20,,2239,
F113310103395,F1(w),13(),3(),1({),{w,sciS|W|QS,1028275,2021-01-20,,2240,
F113310103402,F1(w),13(),3(),1({),{ȑw,sʖ؂P|P|T,1138602,2021-01-20,,2241,
F113310103411,F1(w),13(),3(),1({),{ȑw,scxmP|X|QO,1020071,2021-01-20,,2242,
F113310103420,F1(w),13(),3(),1({),{ЉƑw,ss|uR|P|RO,2040023,2021-01-20,,2243,
F113310103439,F1(w),13(),3(),1({),{qw,sڔQ|W|P,1128681,2021-01-20,,2244,
F113310103448,F1(w),13(),3(),1({),{q̈w,scJkGRW|PX|P,1578565,2021-01-20,,2245,
F113310103457,F1(w),13(),3(),1({),{̈w,scJ[V|P|P,1580081,2021-01-20,,2246,
F113310103466,F1(w),13(),3(),1({),[ew@w,sOsR|PO|QO,1810015,2021-01-20,,2247,
F113310103475,F1(w),13(),3(),1({),ww,saJX؂R|QQ|P,1510053,2021-01-20,,2248,
F113310103484,F1(w),13(),3(),1({),@w,scxmQ|PV|P,1028160,2021-01-20,,2249,
F113310103493,F1(w),13(),3(),1({),ȑw,si`Q|S|SP,1420063,2021-01-20,,2250,
F113310103509,F1(w),13(),3(),1({),w,snLʏP|QU|P,1768534,2021-01-20,,2251,
F113310103518,F1(w),13(),3(),1({),ssw,scJʒP|QW|P,1580087,2021-01-20,,2252,
F113310103527,F1(w),13(),3(),1({),쉹yw,snHP|PR|P,1768521,2021-01-20,,2253,
F113310103536,F1(w),13(),3(),1({),w,sc_cx͑P|P,1018301,2021-01-20,,2254,
F113310103545,F1(w),13(),3(),1({),w@w,s`攒P|Q|RV,1088636,2021-01-20,,2255,
F113310103554,F1(w),13(),3(),1({),ȑw,ss쉖񒚖ڂTQQ|P,2048588,2021-01-20,,2256,
F113310103563,F1(w),13(),3(),1({),w,sL搼r܂R|RS|P,1710021,2021-01-20,,2257,
F113310103572,F1(w),13(),3(),1({),w,siS|Q|PU,1418602,2021-01-20,,2258,
F113310103581,F1(w),13(),3(),1({),cw,sVh˒˒P|POS,1698050,2021-01-20,,2259,
F113310103590,F1(w),13(),3(),1({),ەww@w,stQ|W|X,1120003,2021-01-20,,2260,
F113310103607,F1(w),13(),3(),1({),wK@qw,sVhˎRRڂQO|P,1620052,2021-01-20,,2261,
F113310103616,F1(w),13(),3(),1({),ۍHȐEw,sVh搼VhP|V|R@,1600023,2021-01-20,,2289,
F113310103625,F1(w),13(),3(),1({),یÐEw,s]扖lQ|QQ|PO,1350043,2021-01-20,,2290,
F113310103634,F1(w),13(),3(),1({),ocCmx[VEw,snc敶ԂP]PW]PR@,1310044,2021-01-20,,2291,
F113310103643,F1(w),13(),3(),1({),w@wP,s{QڂT[P{OrfBOPVK,1036117,2021-01-20,,2292,
F113310103652,F1(w),13(),3(),1({),ʐMw,sVh搼VhP|V|R,1600023,2021-01-20,,2293,
F113310103661,F1(w),13(),3(),1({),ۃt@bVEw,sVh搼VhP|V|R,1600023,2021-01-20,,2294,
F113310103670,F1(w),13(),3(),1({),򏗎qw,sslQRW,2068511,2021-01-20,,2295,
F113310103689,F1(w),13(),3(),1({),׈w,ssT|W,1800022,2021-01-20,,2296,
F113310103698,F1(w),13(),3(),1({),ёw,scsՒRVTW,1940294,2021-01-20,,2297,
F113310103705,F1(w),13(),3(),1({),yw,ssT|T|P,1900004,2021-01-20,,2298,
F113310103714,F1(w),13(),3(),1({),ۊw,sOsR|PO|Q,1818585,2021-01-20,,2299,
F113310103723,F1(w),13(),3(),1({),Sqw,szs΃PuP|QT,1828525,2021-01-20,,2300,
F113310103732,F1(w),13(),3(),1({),w,ssgˎkR|R|P,1808633,2021-01-20,,2301,
F113310103741,F1(w),13(),3(),1({),ʐw,scsʐwU|P|P,1948610,2021-01-20,,2302,
F113310103750,F1(w),13(),3(),1({),Ócmw,ssÓcQ|P|P,1878577,2021-01-20,,2303,
F113310103769,F1(w),13(),3(),1({),鋞w,sQ|PP|P,1738605,2021-01-20,,2304,
F113310103778,F1(w),13(),3(),1({),oϑw,ss쒬P|V|RS,1850021,2021-01-20,,2305,
F113310103787,F1(w),13(),3(),1({),q̈w,ssxmS|RO|P,1868668,2021-01-20,,2306,
F113310103796,F1(w),13(),3(),1({),_ww,sOsR|PO|RO,1810015,2021-01-20,,2307,
F113310103803,F1(w),13(),3(),1({),`w,sqsFÊђPTTU,1920992,2021-01-20,,2308,
F113310103812,F1(w),13(),3(),1({),˕ww,szstP|SP|P,1820003,2021-01-20,,2309,
F113310103821,F1(w),13(),3(),1({),{b㐶Ȋww,ss쒬P|V|P,1800023,2021-01-20,,2310,
F113310103830,F1(w),13(),3(),1({),w,s]LOڂRԂR,1358181,2021-01-20,,2311,
F113310103849,F1(w),13(),3(),1({),pw,ss쒬P|VRU,1878505,2021-01-20,,2312,
F113310103858,F1(w),13(),3(),1({),w,ssvۂQ|P|P,1918506,2021-01-20,,2313,
F113310103867,F1(w),13(),3(),1({),aw,scs䃖uT|P|P,1958585,2021-01-20,,2314,
F113310103876,F1(w),13(),3(),1({),Ǘёw,sOsVU|QO|Q,1810004,2021-01-20,,2315,
F113310103885,F1(w),13(),3(),1({),nw,sqsOؒP|QRU,1928577,2021-01-20,,2316,
F113310103894,F1(w),13(),3(),1({),{w,sqsБqXVV,1920986,2021-01-20,,2317,
F113310103901,F1(w),13(),3(),1({),Hȑw,sqsБqPSOS|P,1920982,2021-01-20,,2319,
F113310103910,F1(w),13(),3(),1({),{ԏ\Ōw,saJLS|P|R,1500012,2021-01-20,,2320,
F113310103929,F1(w),13(),3(),1({),b򏗊ww,ssQ|PO|P,2060032,2021-01-20,,2321,
F113310103938,F1(w),13(),3(),1({),w,ssPuS|P|P,2060022,2021-01-20,,2322,
F113310103947,F1(w),13(),3(),1({),Sw,sqsRQ|UOO,1920011,2021-01-20,,2323,
F113310103956,F1(w),13(),3(),1({),Éxw,ssԏ쒬QڂWԂS,1878578,2021-01-20,,2324,
F113310103965,F1(w),13(),3(),1({),xmw,sVh扺꒚ڎԎ,1618556,2021-01-20,,2326,
F113310103974,F1(w),13(),3(),1({),kdb[K}Chw@w,sc_cO蒬Q|Q|PT,1010061,2021-01-20,,2327,
F113310103983,F1(w),13(),3(),1({),fW^nEbhw,sc_cx͑S|U@䒃m\VeB@AJf~ARe^Se,1010062,2021-01-20,,2328,
F113310103992,F1(w),13(),3(),1({),~ww,ss쒬PڂWROԒn,1870032,2021-01-20,,2329,
F113310104009,F1(w),13(),3(),1({),Õیw,si擌ܔcS|P|PV,1418648,2021-01-20,,2330,
F113310104018,F1(w),13(),3(),1({),hw,s搼V꒚ڂSԂU,1248530,2021-01-20,,2331,
F113310104027,F1(w),13(),3(),1({),rWlXEu[NX[w,scZԒP|V@nr,1020085,2021-01-20,,2339,
F113310104036,F1(w),13(),3(),1({),O[rXocw@w,scԒTԒnP,1020084,2021-01-20,,2341,
F113310104045,F1(w),13(),3(),1({),t@bVw@w,saJX؎OڂQQԂP,1510053,2021-01-20,,2343,
F113310104054,F1(w),13(),3(),1({),匴w@w,sc搼_cP|Q|PO,1010065,2021-01-20,,2345,
F113310104063,F1(w),13(),3(),1({),w,sZRSԂPQ,1200023,2021-01-20,,2346,
F113310104072,F1(w),13(),3(),1({),nEbhw@w,s`Z{؂UڂSԂP,1060032,2021-01-20,,2348,
F113310104081,F1(w),13(),3(),1({),rahw@w,s`Z{؂P|U|P@K[f^[QPK,1066021,2021-01-20,,2349,
F113310104090,F1(w),13(),3(),1({),ǂw,s撆񒚖ڂRRԂQU,1640011,2021-01-20,,2350,
F113310104107,F1(w),13(),3(),1({),LÑw,s]LQڂXԂP,1350063,2021-01-20,,2351,
F113310104116,F1(w),13(),3(),1({),H|w,s{Q|X|T,1648678,2021-01-20,,2358,
F113310104125,F1(w),13(),3(),1({),YƔ\w,scJ擙X͂U|RX|PT,1588630,2021-01-20,,2361,
F113310104134,F1(w),13(),3(),1({),}ULŌw,sqsS|V|Q,1920364,2021-01-20,,2383,
F113310104143,F1(w),13(),3(),1({),Êw@w,ssS|PP,2060033,2021-01-20,,2398,
F113310104152,F1(w),13(),3(),1({),ƍ\zw@w,s`RR|PR|PU,1070062,2021-01-20,,2399,
F113310104161,F1(w),13(),3(),1({),Љ\zw@w,sVh捂cnP|QT|RO,1698518,2021-01-20,,2400,
F113310104170,F1(w),13(),3(),1({),鋞Ȋww,sZ؂Q|Q|P,1200045,2021-01-20,,2405,
F113310104189,F1(w),13(),3(),1({),fUCEw,s]ː揬Q|V|P,1320034,2023-05-01,,,
F113310104198,F1(w),13(),3(),1({),ۑw,sL擌r܂S|SQ|RP,1700013,2024-05-01,,,
F213310104188,F2(Z),13(),3(),1({),wZw,s]ː搼T|V|P,1338585,2021-01-20,,5190,
F213310104197,F2(Z),13(),3(),9(p),Rw@qZw,saJaJS|S|QT,1500002,2021-01-20,2023-05-01,5192,
F213310104204,F2(Z),13(),3(),1({),wZw,s䓌擌S|QS|PQ,1108642,2021-01-20,,5195,
F213310104213,F2(Z),13(),3(),1({),ȏqwZw,scOԒPQ,1028357,2021-01-20,,5196,
F213310104222,F2(Z),13(),3(),1({),qZw,sccQ|Q|P,1018437,2021-01-20,,5200,
F213310104231,F2(Z),13(),3(),1({),ےZw,s]ÓcS|W|W,1650022,2021-01-20,,5203,
F213310104240,F2(Z),13(),3(),1({),򏗎qZw,sslQRW,2068511,2021-01-20,,5205,
F213310104259,F2(Z),13(),3(),1({),RuY\Zw,scJ擙X͂U|RX|PT,1580082,2021-01-20,,5207,
F213310104268,F2(Z),13(),3(),1({),HqwZw,saJ擌P|P|SX,1508538,2021-01-20,,5208,
F213310104277,F2(Z),13(),3(),1({),iwZw,sO쒬U|RU|S,1748631,2021-01-20,,5210,
F213310104286,F2(Z),13(),3(),1({),qh{wZw,sLR|QS|R,1708481,2021-01-20,,5213,
F213310104295,F2(Z),13(),3(),1({),qpwZw,sacP|SX|W,1660012,2021-01-20,,5214,
F213310104302,F2(Z),13(),3(),9(p),앞wZw,siS|U|PX,1410021,2021-01-20,2024-05-01,5215,
F213310104311,F2(Z),13(),3(),1({),wZw,skԉHS|Q|PS,1158524,2021-01-20,,5218,
F213310104320,F2(Z),13(),3(),1({),鋞wZw,sqs˂RTX,1920395,2021-01-20,,5222,
F213310104339,F2(Z),13(),3(),1({),鋞Zw,saJ{U|RP|P,1510071,2021-01-20,,5223,
F213310104348,F2(Z),13(),3(),1({),˔qZw,s`łQ|QP|PV,1050014,2021-01-20,,5224,
F213310104357,F2(Z),13(),3(),1({),ƐwZw,sP|PW|P,1738602,2021-01-20,,5227,
F213310104366,F2(Z),13(),3(),1({),ʒZw,sLrܖ{Q|T|PT,1700011,2021-01-20,,5228,
F213310104375,F2(Z),13(),3(),1({),Zw,sk\P|V|PR,1140033,2021-01-20,,5231,
F213310104384,F2(Z),13(),3(),1({),Vn˕Zw,s{U|RW|P,1648638,2021-01-20,,5234,
F213310104393,F2(Z),13(),3(),1({),Zw,sxVQ|SP|PT,1660013,2021-01-20,,5235,
F213310104400,F2(Z),13(),3(),1({),MyZw,s˂S|SU|X,1120012,2021-01-20,,5236,
F213310104419,F2(Z),13(),3(),1({),{wZw,sciS|W|QS,1028275,2021-01-20,,5246,
F213310104428,F2(Z),13(),3(),9(p),wwZw,saJX؂R|QQ|P,1510053,2021-01-20,2023-05-01,5248,
F213310104437,F2(Z),13(),3(),1({),ڔwZw,sVh撆S|RP|P,1610032,2021-01-20,,5254,
F213310104446,F2(Z),13(),3(),9(p),w@Zw,svRS|QX|QR,1680082,2021-01-20,2021-05-27,5256,
F213310104455,F2(Z),13(),3(),1({),nqZw,sqsOؒP|QRU,1928577,2021-01-20,,5260,
F213310104464,F2(Z),13(),3(),1({),~wZw,ss쒬P|WRO,1870032,2021-01-20,,5299,
F213310104473,F2(Z),13(),3(),1({),q̈Zw,ssxmS|RO|P,1868668,2021-01-20,,5304,
F213310104482,F2(Z),13(),3(),1({),tFVAǂZw,scsO֒PPRT,1950054,2021-01-20,,5306,
F213310104491,F2(Z),13(),3(),1({),˕w|pZw,szstP|SP|P,1828510,2021-01-20,,5307,
F213310104507,F2(Z),13(),3(),1({),Re|pZw,sqsTRO,1920396,2021-01-20,,5314,
F213310104516,F2(Z),13(),3(),1({),{ȑwZw,scxm񒚖ڂRԂPU,1020071,2021-01-20,,5316,
F213310104525,F2(Z),13(),3(),1({),ȑwZw,sc_cO蒬Q|X|PW,1010061,2021-01-20,,5317,
F213310104534,F2(Z),13(),3(),1({),}ULŌEZw,saJ揼Q|R|PO,1500046,2021-01-20,,5318,
F213310104543,F2(Z),13(),3(),1({),L|pZw,s]LQ|X|Q,1350063,2021-01-20,,5369,
F213310104552,F2(Z),13(),3(),1({),ÊwZw,s揬PڂQUԂPR,1120006,2021-01-20,,5377,
G113110104564,G1(),13(),1(),1({),HƍwZ,sqscPQQO|Q,1930997,2021-01-20,,6560,
G113210104571,G1(),13(),2(),1({),sYƋZpwZ,si擌P|PO|SO,1400011,2021-01-20,,7060,
G113310104588,G1(),13(),3(),1({),TWIHƍwZ,scsRuS|U|W,1940215,2021-01-20,,8190,
F114110104592,F1(w),14(_ސ),1(),1({),lw,_ސ쌧lsۓyPJՑVX|P,2408501,2021-01-20,,0224,
F114110104609,F1(w),14(_ސ),1(),1({),w@w,_ސ쌧OYStRiÓ썑ۑj,2400193,2021-01-20,,0484,
F114210104616,F1(w),14(_ސ),2(),1({),lsw,_ސ쌧ls搣˂QQ|Q,2360027,2021-01-20,,1152,
F114210104625,F1(w),14(_ސ),2(),1({),_ސ쌧یw,_ސ쌧{sPڂPOԂP,2380013,2021-01-20,,1153,
F114210111993,F1(w),14(_ސ),2(),1({),sŌw,_ސ쌧sK揬qS|RO|P,2120054,2022-05-01,,,
F114310104632,F1(w),14(_ސ),3(),1({),ʑw,_ސ쌧SΌWPV|QTT,2500631,2021-01-20,,2024,
F114310104641,F1(w),14(_ސ),3(),1({),_ސw,_ސ쌧ls_ސZpR|QV|P,2218686,2021-01-20,,2332,
F114310104650,F1(w),14(_ސ),3(),1({),֓w@w,_ސ쌧lsZYP|TO|P,2368501,2021-01-20,,2333,
F114310104669,F1(w),14(_ސ),3(),1({),ߌw,_ސ쌧lsߌߌQ|P|R,2308501,2021-01-20,,2334,
F114310104678,F1(w),14(_ސ),3(),1({),tFXw@w,_ސ쌧lsΉS|T|R,2458650,2021-01-20,,2335,
F114310104687,F1(w),14(_ސ),3(),1({),lȑw,_ސ쌧lsߌ擌S|PP|P,2308577,2021-01-20,,2336,
F114310104696,F1(w),14(_ސ),3(),1({),Fww,_ސ쌧lsؒVڂSQԒn,2200021,2021-01-20,,2337,
F114310104703,F1(w),14(_ސ),3(),1({),ZLeBw@w,_ސ쌧ls_ސ߉񒚖ڂPSԒnP,2210835,2021-01-20,,2338,
F114310104712,F1(w),14(_ސ),3(),1({),lȑw,_ސ쌧ls˒ˋ斓쒬UOPԂP,2450066,2021-01-20,,2344,
F114310104721,F1(w),14(_ސ),3(),1({),zw,_ސ쌧͌s散ӂP|PV|VP,2525201,2021-01-20,,2352,
F114310104730,F1(w),14(_ސ),3(),1({),_ސ쎕ȑw,_ސ쌧{sWQ,2388580,2021-01-20,,2353,
F114310104749,F1(w),14(_ސ),3(),1({),qqw,_ސ쌧qsDU|P|R,2478512,2021-01-20,,2354,
F114310104758,F1(w),14(_ސ),3(),1({),ÓHȑw,_ސ쌧sғC݂P|P|QT,2518511,2021-01-20,,2355,
F114310104767,F1(w),14(_ސ),3(),1({),͏qw,_ސ쌧͌s敶Q|P|P,2520383,2021-01-20,,2356,
F114310104776,F1(w),14(_ސ),3(),1({),wyw,_ސ쌧sËv{Q|R|P,2138580,2021-01-20,,2357,
F114310104785,F1(w),14(_ސ),3(),1({),}Aiȑw,_ސ쌧s{O搛Q|PU|P,2160015,2021-01-20,,2359,
F114310104794,F1(w),14(_ސ),3(),1({),_ސHȑw,_ސ쌧؎sPORO,2430203,2021-01-20,,2360,
F114310104801,F1(w),14(_ސ),3(),1({),ayw,_ސ쌧s㖃P|PP|P,2158558,2021-01-20,,2362,
F114310104810,F1(w),14(_ސ),3(),1({),ˈlw,_ސ쌧lstSPUPS,2250025,2021-01-20,,2363,
F114310104829,F1(w),14(_ސ),3(),1({),mpaw@w,_ސ쌧ls΋OےRQ,2260015,2021-01-20,,2364,
F114310104838,F1(w),14(_ސ),3(),1({),w,_ސ쌧؎sX̗{XԂP,2430124,2021-01-20,,2365,
F114310104847,F1(w),14(_ސ),3(),1({),czww,_ސ쌧s擌SuOڂSԂP,2158542,2021-01-20,,2366,
F114310104856,F1(w),14(_ސ),3(),1({),lpw,_ސ쌧lst抛ucPQOSԒn,2270033,2021-01-20,,2384,
F114310104865,F1(w),14(_ސ),3(),1({),{fw,_ސ쌧s斜꒚ڂPU|RO,2150004,2021-01-20,,2385,
F114310104874,F1(w),14(_ސ),3(),1({),lnpw,_ސ쌧ls΋OےPԒn,2260015,2021-01-20,,2401,
F114310104883,F1(w),14(_ސ),3(),1({),ÓÑw,_ސ쌧ls˒ˋiZPU|SW,2440806,2021-01-20,,2402,
F114310104892,F1(w),14(_ސ),3(),1({),Ó슙qÑw@,_ސ쌧qsRPPXT|R@,2470066,2021-01-20,,2409,
F114310104909,F1(w),14(_ސ),3(),1({),r[eBEFlXEw,_ސ쌧lss}拍vۂR|X|R,2240012,2023-05-01,,,
F114310104918,F1(w),14(_ސ),3(),1({),O[oaEw,_ސ쌧swO{QQ|P,2100007,2023-05-01,,,
F214210104900,F2(Z),14(_ސ),2(),1({),sŌZw,_ސ쌧sK揬qS|RO|P,2120054,2021-01-20,,4418,
F214310104917,F2(Z),14(_ސ),3(),1({),aZw,_ސ쌧͌stQ|Q|P,2525222,2021-01-20,,5194,
F214310104926,F2(Z),14(_ސ),3(),1({),ߌwZw,_ސ쌧lsߌߌQ|P|R,2308501,2021-01-20,,5334,
F214310104935,F2(Z),14(_ސ),3(),1({),lqZw,_ސ쌧ls``S|S|T,2340054,2021-01-20,,5338,
F214310104944,F2(Z),14(_ސ),3(),1({),aywZw,_ސ쌧s㖃P|PP|P,2158558,2021-01-20,,5339,
F214310104953,F2(Z),14(_ސ),3(),1({),qwZw,_ސ쌧`sΎRXXX,2570005,2021-01-20,,5340,
F214310104962,F2(Z),14(_ސ),3(),1({),cZw,_ސ쌧csRS|T|P,2500045,2021-01-20,,5353,
F214310104971,F2(Z),14(_ސ),3(),1({),qqwZw,_ސ쌧qsDU|P|R,2478512,2021-01-20,,5355,
F214310104980,F2(Z),14(_ސ),3(),1({),͏qwZw,_ސ쌧͌s敶Q|P|P,2520383,2021-01-20,,5356,
F214310104999,F2(Z),14(_ސ),3(),1({),ǂZw,_ސ쌧sËv{Q|R|P,2138580,2021-01-20,,5357,
F214310105006,F2(Z),14(_ސ),3(),1({),_ސ쎕ȑwZw,_ސ쌧{sWQ,2388580,2021-01-20,,5359,
F214310105015,F2(Z),14(_ސ),3(),9(p),ZVAqZw,_ސ쌧asъԂQ|U|PP,2420003,2021-01-20,2022-05-01,5361,
F214310105024,F2(Z),14(_ސ),3(),9(p),CwËZpZw,_ސ쌧ˎskڂS|P|Q,2591207,2021-01-20,2023-05-01,5362,
F214310105033,F2(Z),14(_ސ),3(),1({),ÖkZw,_ސ쌧؎svۂSQW,2438501,2021-01-20,,5363,
F115110105046,F1(w),15(V),1(),1({),Vw,VVs܏\Q̒WOTOԒn,9502181,2021-01-20,,0228,
F115110105055,F1(w),15(V),1(),1({),ZpȊww,VsxPUOR|P,9402188,2021-01-20,,0432,
F115110105064,F1(w),15(V),1(),1({),zw,VzsR~P,9438512,2021-01-20,,0452,
F115210105071,F1(w),15(V),2(),1({),VŌw,VzsV쒬QSOԒn,9430147,2021-01-20,,1155,
F115210105080,F1(w),15(V),2(),1({),Vw,VVsCVPSVP,9508680,2021-01-20,,1156,
F115210105099,F1(w),15(V),2(),1({),`w,VsHSڂPXVԒn,9402088,2021-01-20,,1157,
F115210111849,F1(w),15(V),2(),1({),Osw,VOs{TOOQԒnT,9550091,2021-05-27,,1158,
F115310105104,F1(w),15(V),3(),1({),w,VsRWOԒnW,9400828,2021-01-20,,2367,
F115310105113,F1(w),15(V),3(),1({),VÕw,VVsk擇PRXWԒn,9503198,2021-01-20,,2368,
F115310105122,F1(w),15(V),3(),1({),Vˑw,VVs搅PڂTXRXԒn,9518121,2021-01-20,,2369,
F115310105131,F1(w),15(V),3(),1({),VHȑw,Vs厚PVPXԒn,9451195,2021-01-20,,2370,
F115310105140,F1(w),15(V),3(),1({),Vocw,VΎs]PuQXOX|Q,9591321,2021-01-20,,2372,
F115310105159,F1(w),15(V),3(),1({),Vۏw,VVs݂RڂPԂP,9502292,2021-01-20,,2373,
F115310105168,F1(w),15(V),3(),1({),haww,VVcsxˎOꋫPQVO,9578585,2021-01-20,,2374,
F115310105177,F1(w),15(V),3(),1({),Vȑw,VVsHt擌QUT|P,9568603,2021-01-20,,2375,
F115310105186,F1(w),15(V),3(),1({),ۑw,V싛sےVVV,9497277,2021-01-20,,2376,
F115310105195,F1(w),15(V),3(),1({),VYƑw,Vs厚ySVRO,9451393,2021-01-20,,2377,
F115310105202,F1(w),15(V),3(),1({),Ƒnw@w,VVsĎROڂPԂSU,9500916,2021-01-20,,2381,
F115310105211,F1(w),15(V),3(),1({),Vnre[Vw,Vs̎RQԂPU,9580053,2021-01-20,,2382,
F115310105220,F1(w),15(V),3(),1({),VH_Ƒw,VVsk擇XSOԒn,9503197,2021-01-20,,2393,
F115310105239,F1(w),15(V),3(),1({),JuEw@,VVs掇|RU|R|T,9500914,2021-01-20,,2394,
F115310105248,F1(w),15(V),3(),1({),w,Vs[򒬂QQVW|W,9402135,2021-01-20,,2403,
F215310105256,F2(Z),15(V),3(),1({),VˑwZw,VVs搅PڂTXRXԒn,9518121,2021-01-20,,5370,
F215310105265,F2(Z),15(V),3(),1({),VHƒZw,VVsVhT|PR|V,9502076,2021-01-20,,5372,
F215310105274,F2(Z),15(V),3(),1({),VZw,VΎs]PuQXOX|Q,9591321,2021-01-20,,5373,
F215310105283,F2(Z),15(V),3(),1({),{ȑwVZw,VVslYPڂW,9518580,2021-01-20,,5375,
F215310105292,F2(Z),15(V),3(),1({),ϒZw,VVs^R|PU|PO,9502086,2021-01-20,,5376,
G115110105302,G1(),15(V),1(),1({),HƍwZ,VsЊLWWW,9408532,2021-01-20,,6568,
F116110105312,F1(w),16(xR),1(),1({),xRw,xRxRsܕRPXO,9308555,2021-01-20,,0536,
F116210105329,F1(w),16(xR),2(),1({),xRw,xRːs͂TPWO,9390398,2021-01-20,,1160,
F116310105336,F1(w),16(xR),3(),1({),@ȑw,xRsˏoΑROV|R,9391193,2021-01-20,,2378,
F116310105345,F1(w),16(xR),3(),1({),xRۑw,xRxRsqUT|P,9301292,2021-01-20,,2379,
F116310105354,F1(w),16(xR),3(),1({),˕ww@w,xRxRsHPWWSԒnPV,9300138,2021-01-20,,2380,
F216310105362,F2(Z),16(xR),3(),1({),xRZw,xRxRsCSSS,9300193,2021-01-20,,5379,
F216310105371,F2(Z),16(xR),3(),1({),xRZw,xRːsOPTVX,9390341,2021-01-20,,5381,
G116110105383,G1(),16(xR),1(),1({),xRwZ,xRxRs{PR,9398630,2021-01-20,,6577,
F117110105393,F1(w),17(ΐ),1(),1({),w,ΐ쌧spԒ,9201192,2021-01-20,,0236,
F117110105400,F1(w),17(ΐ),1(),1({),k[ȊwZpw@w,ΐ쌧\sP|P,9231292,2021-01-20,,0488,
F117210105417,F1(w),17(ΐ),2(),1({),w,ΐ쌧slkP|R,9238511,2021-01-20,,1162,
F117210105426,F1(w),17(ΐ),2(),1({),ΐ쌧w,ΐ쌧XssPڂROWԒn,9218836,2021-01-20,,1163,
F117210105435,F1(w),17(ΐ),2(),1({),pH|w,ΐ쌧sQ|SO|P,9208656,2021-01-20,,1164,
F117210105444,F1(w),17(ΐ),2(),1({),ΐ쌧Ōw,ΐ쌧قswPڂPԒn,9291210,2021-01-20,,1165,
F117310105451,F1(w),17(ΐ),3(),1({),򐯗őw,ΐ쌧s䏊NPO|P,9208620,2021-01-20,,2386,
F117310105460,F1(w),17(ΐ),3(),1({),HƑw,ΐ쌧XssuV|P,9218501,2021-01-20,,2387,
F117310105479,F1(w),17(ΐ),3(),1({),ȑw,ΐ쌧͖kS咬wP|P,9200265,2021-01-20,,2388,
F117310105488,F1(w),17(ΐ),3(),1({),kw,ΐ쌧szuP|P,9201148,2021-01-20,,2389,
F117310105497,F1(w),17(ΐ),3(),1({),w@w,ΐ쌧sPO|T,9201302,2021-01-20,,2390,
F117310105503,F1(w),17(ΐ),3(),1({),w,ΐ쌧Rs}ԒPQOOԒn,9240063,2021-01-20,,2391,
F117310105512,F1(w),17(ΐ),3(),1({),kw@w,ΐ쌧sOCPPԒn,9201346,2021-01-20,,2392,
F117310111854,F1(w),17(ΐ),3(),1({),ȂH}lWgEw,ΐ쌧Rs]TQTO,9240011,2021-05-27,,2410,
F217210105522,F2(Z),17(ΐ),2(),9(p),Zw,ΐ쌧slkP|R,9238511,2021-01-20,2021-05-27,4434,
F217310105539,F2(Z),17(ΐ),3(),1({),w@Zw,ΐ쌧sPO,9201302,2021-01-20,,5386,
F217310105548,F2(Z),17(ΐ),3(),1({),kw@wZw,ΐ쌧sOCPP,9201346,2021-01-20,,5387,
F217310105557,F2(Z),17(ΐ),3(),1({),wZw,ΐ쌧Rs}ԒPQOO,9240063,2021-01-20,,5388,
F217310105566,F2(Z),17(ΐ),3(),1({),򐯗őwqZw,ΐ쌧s䏊NPO|P,9208620,2021-01-20,,5389,
G117110105578,G1(),17(ΐ),1(),1({),ΐHƍwZ,ΐ쌧͖kSÔk^P,9290342,2021-01-20,,6580,
G117310105583,G1(),17(ΐ),3(),1({),ۍwZ,ΐ쌧svQ|QVO,9218601,2021-01-20,,8386,
F118110105597,F1(w),18(),1(),1({),w,䌧sR|X|P,9108507,2021-01-20,,0508,
F118210105602,F1(w),18(),2(),1({),䌧w,䌧gcSi蓇S|P|P,9101195,2021-01-20,,1166,
F118210105611,F1(w),18(),2(),1({),։sŌw,䌧։s؍VW|Q|P,9140814,2021-01-20,,1167,
F118310105628,F1(w),18(),3(),1({),HƑw,䌧swR|U|P,9100028,2021-01-20,,2395,
F118310105637,F1(w),18(),3(),1({),mw,䌧zOs蒬R|P|P,9158586,2021-01-20,,2396,
F118310105646,F1(w),18(),3(),1({),Ñw,䌧s]㒬TT|PR|P,9103190,2021-01-20,,2397,
F218310105654,F2(Z),18(),3(),1({),mqZw,䌧sVrSR|P|P,9100124,2021-01-20,,5395,
G118110105666,G1(),18(),1(),1({),HƍwZ,䌧I]si,9168507,2021-01-20,,6584,
F119110105676,F1(w),19(R),1(),1({),Rw,Rb{scS|S|RV,4008510,2021-01-20,,0500,
F119210105683,F1(w),19(R),2(),1({),sȑw,RsscR|W|P,4020054,2021-01-20,,1172,
F119210105692,F1(w),19(R),2(),1({),Rw,Rb{sѓcT|PP|P,4000035,2021-01-20,,1177,
F119310105707,F1(w),19(R),3(),1({),Rw@w,Rb{s܂Q|S|T,4008575,2021-01-20,,2404,
F119310105716,F1(w),19(R),3(),1({),gRw,R싐SggRTUV,4092597,2021-01-20,,2406,
F119310105725,F1(w),19(R),3(),1({),Rpaw,Rb{sԒn,4008555,2021-01-20,,2407,
F119310105734,F1(w),19(R),3(),1({),NȊww,RsSxm͌ΒVPWV,4010380,2021-01-20,,2408,
F219210105744,F2(Z),19(R),2(),1({),匎Zw,R匎s䑾P|PU|Q,4010012,2021-01-20,,4448,
F219310105751,F2(Z),19(R),3(),1({),Rw@Zw,Rb{s܂Q|S|T,4008575,2021-01-20,,5406,
F219310105760,F2(Z),19(R),3(),1({),鋞wZw,RRs_PPTO|P,4050018,2021-01-20,,5407,
F120110105771,F1(w),20(),1(),1({),MBw,쌧{sR|P|P,3908621,2021-01-20,,0248,
F120210105788,F1(w),20(),2(),1({),zKȑw,쌧sLTOOO|P,3910292,2021-01-20,,1179,
F120210105797,F1(w),20(),2(),1({),쌧w,쌧sOւW|SX|V,3808525,2021-01-20,,1181,
F120210105804,F1(w),20(),2(),1({),쌧Ōw,쌧PsԕPUXS,3994117,2021-01-20,,1182,
F120210105813,F1(w),20(),2(),1({),w,쌧csVUTW|P,3861298,2021-01-20,,1183,
F120310105820,F1(w),20(),3(),1({),{ȑw,쌧Ks厚LuPVWO,3990781,2021-01-20,,2418,
F120310105839,F1(w),20(),3(),1({),{w,쌧{sVQOXT|P,3901295,2021-01-20,,2420,
F120310105848,F1(w),20(),3(),1({),򏗊w@w,쌧s񒚖ڂPQOԒnW,3810085,2021-01-20,,2421,
F120310105857,F1(w),20(),3(),1({),vw,쌧vs⑺cQRWSԒn,3850022,2021-01-20,,2422,
F120310105866,F1(w),20(),3(),1({),یÑw,쌧s쒆䌴PP|P,3812227,2021-01-20,,2423,
F120310111868,F1(w),20(),3(),1({),{Ōw,쌧{sRPPW,3990033,2021-05-27,,2424,
F220210105876,F2(Z),20(),2(),9(p),쌧Zw,쌧sOւW|SX|V,3808525,2021-01-20,2021-05-27,4452,
F220310105883,F2(Z),20(),3(),1({),ѓcZw,쌧ѓcscUPO,3950812,2021-01-20,,5417,
F220310105892,F2(Z),20(),3(),1({),Zw,쌧sOւXڂPPԂQX,3800803,2021-01-20,,5419,
F220310105909,F2(Z),20(),3(),1({),cqZw,쌧cs厚VUQO,3861214,2021-01-20,,5420,
F220310105918,F2(Z),20(),3(),1({),{wZw,쌧{sVQOXT|P,3901295,2021-01-20,,5421,
F220310105927,F2(Z),20(),3(),1({),{Zw,쌧{sRPPW,3990033,2021-01-20,,5422,
F220310105936,F2(Z),20(),3(),1({),򏗊w@Zw,쌧sQ|PQO|W,3810085,2021-01-20,,5423,
F220310105945,F2(Z),20(),3(),1({),MBLZw,쌧ɓߌSC쒬RVQ,3990498,2021-01-20,,5424,
F220310105954,F2(Z),20(),3(),1({),vwMBZw,쌧vs⑺cQRWS,3850022,2021-01-20,,5425,
G120110105966,G1(),20(),1(),1({),HƍwZ,쌧s厚ԂVPU,3818550,2021-01-20,,6588,
F121110105976,F1(w),21(),1(),1({),򕌑w,򕌌򕌎s˂P|P,5011193,2021-01-20,,0252,
F121210105983,F1(w),21(),2(),1({),򕌖ȑw,򕌌򕌎swP|QT|S,5011196,2021-01-20,,1184,
F121210105992,F1(w),21(),2(),1({),򕌌Ōw,򕌌Hs]gǒ_{ROSVԂP,5016295,2021-01-20,,1185,
F121210106009,F1(w),21(),2(),1({),Ȋw|pw@w,򕌌_s̉ƒRڂXTԂP,5030014,2021-01-20,,1186,
F121310106016,F1(w),21(),3(),1({),w@w,򕌌ÐsUтPԒn̂POS,5099195,2021-01-20,,2431,
F121310106025,F1(w),21(),3(),1({),򕌋w,򕌌_skT|TO,5030019,2021-01-20,,2432,
F121310106034,F1(w),21(),3(),1({),򕌏qw,򕌌򕌎sYۂWO,5012592,2021-01-20,,2433,
F121310106043,F1(w),21(),3(),1({),w,򕌌sςPWTPԒn̂P,5010296,2021-01-20,,2434,
F121310106052,F1(w),21(),3(),1({),򕌐ww,򕌌򕌎sÒKP|P,5016194,2021-01-20,,2435,
F121310106061,F1(w),21(),3(),1({),Cw@w,򕌌es߉˖쒬T|UW,5048511,2021-01-20,,2436,
F121310106070,F1(w),21(),3(),1({),w@w,򕌌֎s˃uQ|P,5013993,2021-01-20,,2437,
F121310106089,F1(w),21(),3(),1({),򕌈ÉȊww,򕌌֎ssꎚVXTԒn̂P,5013892,2021-01-20,,2438,
F121310106098,F1(w),21(),3(),1({),򕌕یw,򕌌򕌎sGQ|XQ,5008281,2021-01-20,,2439,
F221210106106,F2(Z),21(),2(),1({),򕌎sqZw,򕌌򕌎sskV|P,5010192,2021-01-20,,4456,
F221310106113,F2(Z),21(),3(),1({),w@wZw,򕌌֎s˃uQ|P,5013993,2021-01-20,,5432,
F221310106122,F2(Z),21(),3(),1({),򕌐wwZw,򕌌򕌎sGP|RW,5008288,2021-01-20,,5434,
F221310106131,F2(Z),21(),3(),1({),Zw,򕌌ZΎsɐ[WVU|PO,5050008,2021-01-20,,5435,
F221310106140,F2(Z),21(),3(),1({),w@wZw,򕌌Qsy򒬂QQPUԒn,5096192,2021-01-20,,5436,
F221310106159,F2(Z),21(),3(),1({),Cw@wZw,򕌌es߉˖쒬Q|SR,5048504,2021-01-20,,5437,
F221310106168,F2(Z),21(),3(),1({),{ԒZw,򕌌ΌSj[PROP,5050077,2021-01-20,,5438,
F221310106177,F2(Z),21(),3(),1({),_qZw,򕌌_sV쒬P|POX,5038554,2021-01-20,,5439,
F221310106186,F2(Z),21(),3(),1({),RԒZw,򕌌RsђPPTT,5060059,2021-01-20,,5440,
F221310106195,F2(Z),21(),3(),9(p),򕌕یwZw,򕌌򕌎sGQڂXQԒn,5008281,2021-01-20,2024-05-01,5442,
F221310106202,F2(Z),21(),3(),1({),ÒZw,򕌌򕌎sPWOԒn,5011131,2021-01-20,,5443,
G121110106214,G1(),21(),1(),1({),򕌍HƍwZ,򕌌{s^KQQRU|Q,5010495,2021-01-20,,6596,
F122110106224,F1(w),22(É),1(),1({),Éw,ÉÉsx͋JWRU,4228017,2021-01-20,,0256,
F122110106233,F1(w),22(É),1(),1({),lȑw,Éls攼cR꒚ڂQOԂP,4313192,2021-01-20,,0412,
F122210106240,F1(w),22(É),2(),1({),É_ъEw,É֓csxuUVW|P@,4388577,2021-01-20,,1189,
F122210106259,F1(w),22(É),2(),1({),Éw,ÉÉsx͋JcTQ|P,4228526,2021-01-20,,1190,
F122210106268,F1(w),22(É),2(),1({),É|pw,Éls撆Q|P|P,4308533,2021-01-20,,1193,
F122210111877,F1(w),22(É),2(),1({),ÉЉNww@w,ÉÉskS|QV|Q,4200881,2021-05-27,,1194,
F122310106275,F1(w),22(É),3(),1({),YƑnw@w,ÉlsPXTTԂP,4311202,2021-01-20,,2448,
F122310106284,F1(w),22(É),3(),1({),Éw,ÉĒÎs{TSXԂP,4258611,2021-01-20,,2449,
F122310106293,F1(w),22(É),3(),1({),lw@w,ÉlszOڂQԂR,4328012,2021-01-20,,2450,
F122310106300,F1(w),22(É),3(),1({),Épaw@w,ÉÉsx͋rcPVUXԒn,4228545,2021-01-20,,2451,
F122310106319,F1(w),22(É),3(),1({),tw,ÉÉsx͋퐶UԂP,4228581,2021-01-20,,2452,
F122310106328,F1(w),22(É),3(),1({),ÉHȑw,É܈sLQQOO|Q,4378555,2021-01-20,,2454,
F122310106337,F1(w),22(É),3(),1({),NXgt@[w,ÉlsORSTR,4338558,2021-01-20,,2455,
F122310106346,F1(w),22(É),3(),1({),ÉYƑw,É}sx͑S|P|P,4268668,2021-01-20,,2456,
F222210106356,F2(Z),22(É),2(),1({),É_ъEwZw,É֓csxuUVW|P@,4388577,2021-01-20,,4459,
F222210106365,F2(Z),22(É),2(),1({),ÉwZw,ÉÉsx͋揬QڂQ|P,4228021,2021-01-20,,4461,
F222310106372,F2(Z),22(É),3(),9(p),CwZw,ÉÉs{OPOP,4208511,2021-01-20,2022-05-01,5225,
F222310106381,F2(Z),22(É),3(),1({),Épaw@wZw,ÉÉsx͋rcPVUXԒn,4228545,2021-01-20,,5451,
F222310106390,F2(Z),22(É),3(),1({),twZw,ÉÉsx͋퐶UԂP,4228581,2021-01-20,,5452,
F222310106407,F2(Z),22(É),3(),1({),lw@wZw,ÉlsZgQ|R|P,4300906,2021-01-20,,5453,
G122110106419,G1(),22(É),1(),1({),ÍHƍwZ,ÉÎs剪RUOO,4100022,2021-01-20,,6600,
F123110106429,F1(w),23(m),1(),1({),Éw,mÉssV,4648601,2021-01-20,,0260,
F123110106438,F1(w),23(m),1(),1({),ÉHƑw,mÉsa폊,4668555,2021-01-20,,0264,
F123110106447,F1(w),23(m),1(),1({),mw,mJsPJLP,4488542,2021-01-20,,0268,
F123110106456,F1(w),23(m),1(),1({),LZpȊww,mLsV_uP|P,4418580,2021-01-20,,0436,
F123210106463,F1(w),23(m),2(),1({),Ésw,mÉs搐䒬쐟P,4678601,2021-01-20,,1204,
F123210106472,F1(w),23(m),2(),1({),m|pw,mvsOPP|PPS,4801194,2021-01-20,,1208,
F123210106481,F1(w),23(m),2(),1({),mw,mvsPԂPTQQ|R,4801198,2021-01-20,,1217,
F123310106498,F1(w),23(m),3(),1({),mHȑw,mSsnTO|Q,4430047,2021-01-20,,2459,
F123310106504,F1(w),23(m),3(),1({),ÉYƑw,msVR̓cRQTTԒn̂T,4880076,2021-01-20,,2460,
F123310106513,F1(w),23(m),3(),1({),lԊw,ms{hO{UԂQ,4443505,2021-01-20,,2461,
F123310106522,F1(w),23(m),3(),1({),Éw,ms򒬑OcRUTԒn,4928520,2021-01-20,,2462,
F123310106531,F1(w),23(m),3(),1({),mّ݂w,mÉstȒQ|PR,4670867,2021-01-20,,2463,
F123310106540,F1(w),23(m),3(),1({),mw@w,mis蒬ǒrPQ,4700195,2021-01-20,,2464,
F123310106559,F1(w),23(m),3(),1({),mHƑw,mLcs瑐PQSV,4700392,2021-01-20,,2465,
F123310106568,F1(w),23(m),3(),1({),w@w,mÉsRXQ|PVQR,4638521,2021-01-20,,2466,
F123310106577,F1(w),23(m),3(),1({),Rww,mÉs搯uPV|R,4648662,2021-01-20,,2467,
F123310106586,F1(w),23(m),3(),1({),哯w,mÉstPO|R,4578530,2021-01-20,,2468,
F123310106595,F1(w),23(m),3(),1({),w,mÉsa攪{POP|Q,4668666,2021-01-20,,2469,
F123310106602,F1(w),23(m),3(),1({),w,mÉstnV|P,4530841,2021-01-20,,2470,
F123310106611,F1(w),23(m),3(),1({),Éw@w,mÉsMcMcP|QT,4568612,2021-01-20,,2471,
F123310106620,F1(w),23(m),3(),1({),Éȑw,misĖؒOŜS,4700111,2021-01-20,,2472,
F123310106639,F1(w),23(m),3(),1({),Éqw,mÉs掬HR|SO,4678610,2021-01-20,,2473,
F123310106648,F1(w),23(m),3(),1({),Rw,mÉsaRPW,4668673,2021-01-20,,2474,
F123310106657,F1(w),23(m),3(),1({),{w,mmSl厚cORT|U,4703295,2021-01-20,,2475,
F123310106666,F1(w),23(m),3(),1({),w,mÉsV扖꒚ڂTOPԒn,4688502,2021-01-20,,2476,
F123310106675,F1(w),23(m),3(),1({),Éyw,mÉstnV|P,4530841,2021-01-20,,2477,
F123310106684,F1(w),23(m),3(),1({),LcHƑw,mÉsVvQ[PQ[P,4688511,2021-01-20,,2478,
F123310106693,F1(w),23(m),3(),1({),ÉOw,mis蒬|mRTV,4700197,2021-01-20,,2479,
F123310106700,F1(w),23(m),3(),1({),É`w,mÉsk於QڂSԂP,4620846,2021-01-20,,2480,
F123310106719,F1(w),23(m),3(),1({),mYƑw,msRPQ|T,4440005,2021-01-20,,2481,
F123310106728,F1(w),23(m),3(),1({),Cww,m݂悵sJmQPԒnQRR,4700207,2021-01-20,,2482,
F123310106737,F1(w),23(m),3(),1({),Lnw,mLs쒬QO|P,4408511,2021-01-20,,2483,
F123310106746,F1(w),23(m),3(),1({),mMw,mÉs敽auOڂPPԒn,4658515,2021-01-20,,2484,
F123310106755,F1(w),23(m),3(),1({),w,mCsxMm񒚖ڂPVQԒn,4768588,2021-01-20,,2485,
F123310106764,F1(w),23(m),3(),1({),mw,mqs呐TXUX|R,4858565,2021-01-20,,2486,
F123310106773,F1(w),23(m),3(),1({),Ԋww,mLshSW,4701193,2021-01-20,,2487,
F123310106782,F1(w),23(m),3(),1({),mw,mLsP|P,4418522,2021-01-20,,2488,
F123310106791,F1(w),23(m),3(),1({),mww,mswz쐬QWԒn,4448520,2021-01-20,,2489,
F123310106808,F1(w),23(m),3(),1({),wّw,m{sRTT,4740011,2021-01-20,,2490,
F123310106817,F1(w),23(m),3(),1({),w,mts{PQOO,4878501,2021-01-20,,2491,
F123310106826,F1(w),23(m),3(),1({),cȑw,mLsB|cyPEP|XW,4701101,2021-01-20,,2492,
F123310106835,F1(w),23(m),3(),1({),É|pw,mkÉsFVÈQWP,4810006,2021-01-20,,2493,
F123310106844,F1(w),23(m),3(),1({),mȑw,mvs喔PԒnP,4801195,2021-01-20,,2494,
F123310106853,F1(w),23(m),3(),1({),miw,mvsЕ񒚖ڂX,4801197,2021-01-20,,2495,
F123310106862,F1(w),23(m),3(),1({),Éoϑw,mRsvۂUP[P,4848504,2021-01-20,,2496,
F123310106871,F1(w),23(m),3(),1({),Éw|w,mis蒬|mRTVԒn,4700196,2021-01-20,,2499,
F123310106880,F1(w),23(m),3(),1({),{ԏ\LcŌw,mLcsRȂPQԂRR,4718565,2021-01-20,,2501,
F123310106899,F1(w),23(m),3(),1({),Cw,m{sUԒn,4910938,2021-01-20,,2502,
F123310106906,F1(w),23(m),3(),1({),菗qw,msP|W|S,4440015,2021-01-20,,2503,
F123310106915,F1(w),23(m),3(),1({),{Lw,m{sʂT|S|P,4910063,2021-01-20,,2504,
F123310106924,F1(w),23(m),3(),1({),É鏗qw@,mÉsa斾Q|TS@,4660034,2021-01-20,,2505,
F123310111883,F1(w),23(m),3(),1({),ÉۍHȐEw,mÉs於wS|QV|P,4500002,2021-05-27,,2506,
F123310112016,F1(w),23(m),3(),1({),mÊw@w,m{sTPX,4520931,2024-05-01,,,
F223310106932,F2(Z),23(m),3(),1({),LnwZw,mLs쒬QO|P,4405812,2021-01-20,,5463,
F223310106941,F2(Z),23(m),3(),1({),mw@wZw,mÉs팳P|POO,4640037,2021-01-20,,5464,
F223310106950,F2(Z),23(m),3(),1({),ÉwZw,mÉs˒Q|P,4510077,2021-01-20,,5471,
F223310106969,F2(Z),23(m),3(),1({),ÉqwZw,mÉs掬HR|SO,4678610,2021-01-20,,5473,
F223310106978,F2(Z),23(m),3(),1({),ÉZw,mLshSW,4701161,2021-01-20,,5475,
F223310106987,F2(Z),23(m),3(),9(p),RwZw,mÉsaRPW,4668673,2021-01-20,2021-05-27,5476,
F223310106996,F2(Z),23(m),3(),1({),mْ݂Zw,mÉstȒQ|PR,4670867,2021-01-20,,5478,
F223310107003,F2(Z),23(m),3(),1({),ÉZw,mÉsa斾Q|TS,4660034,2021-01-20,,5480,
F223310107012,F2(Z),23(m),3(),1({),ÉZw,mÉs戨P|PV|W,4618610,2021-01-20,,5481,
F223310107021,F2(Z),23(m),3(),1({),mYƑwZw,msRPQ|T,4440005,2021-01-20,,5484,
F223310107030,F2(Z),23(m),3(),1({),mHȑwԒZw,mSsnTOԒnQ,4430047,2021-01-20,,5485,
F223310107049,F2(Z),23(m),3(),1({),mwZw,mLsP|P,4418522,2021-01-20,,5489,
F223310107058,F2(Z),23(m),3(),1({),mwZw,mswz쐬QW,4440902,2021-01-20,,5490,
F223310107067,F2(Z),23(m),3(),1({),CwZw,m{sU,4910938,2021-01-20,,5491,
F223310107076,F2(Z),23(m),3(),1({),mqZw,mstQ|X|PV,4928521,2021-01-20,,5493,
F223310107085,F2(Z),23(m),3(),1({),菗qZw,msP|W|S,4440015,2021-01-20,,5494,
F223310107094,F2(Z),23(m),3(),1({),wّwZw,m{sRTT,4740011,2021-01-20,,5495,
F223310107101,F2(Z),23(m),3(),1({),ÉocZw,msVR̓cRQTT̂T,4880076,2021-01-20,,5498,
F223310107110,F2(Z),23(m),3(),9(p),m]Zw,m]s叼PVQ,4838086,2021-01-20,2024-05-01,5501,
F223310107129,F2(Z),23(m),3(),1({),mÊw@Zw,m{s_OTPX,4520931,2021-01-20,,5506,
G123110107131,G1(),23(m),1(),1({),LcHƍwZ,mLcshQ|P,4710067,2021-01-20,,6604,
F124110107141,F1(w),24(Od),1(),1({),Odw,OdÎsI^PTVV,5148507,2021-01-20,,0272,
F124210107158,F1(w),24(Od),2(),1({),OdŌw,OdÎsu꒚ڂP|P,5140116,2021-01-20,,1215,
F124310107165,F1(w),24(Od),3(),1({),lsw,OdlssPQOO,5128512,2021-01-20,,2498,
F124310107174,F1(w),24(Od),3(),1({),c{ّw,Odɐs_cvu{PVOS,5168555,2021-01-20,,2517,
F124310107183,F1(w),24(Od),3(),1({),鎭ÉȊww,Od鎭s݉POOP|P,5100293,2021-01-20,,2518,
F124310107192,F1(w),24(Od),3(),1({),鎭w,Od鎭sSRUUR|QQQ,5100298,2021-01-20,,2519,
F124310107209,F1(w),24(Od),3(),1({),lsŌÑw,OdlssPQOOԒn,5128045,2021-01-20,,2520,
F224210107219,F2(Z),24(Od),2(),1({),OdZw,OdÎsgcPTV,5140112,2021-01-20,,4480,
F224310107226,F2(Z),24(Od),3(),1({),鎭wZw,Od鎭sSRUUR|QQQ,5100298,2021-01-20,,5519,
F224310107235,F2(Z),24(Od),3(),1({),cZw,OdÎsgcLPXT,5140115,2021-01-20,,5520,
F224310107244,F2(Z),24(Od),3(),1({),}jeNZw,OdlsslcS|QP,5100066,2021-01-20,,5522,
G124110107256,G1(),24(Od),1(),1({),鎭HƍwZ,Od鎭sq,5100294,2021-01-20,,6608,
G124110107265,G1(),24(Od),1(),1({),HDwZ,OdHsr㒬P|P,5178501,2021-01-20,,6612,
G124310107270,G1(),24(Od),3(),1({),ߋEwHƍwZ,OdstuVԒPԒn,5180459,2021-01-20,,8517,
F125110107284,F1(w),25(),1(),1({),w,ꌧFsnP|P|P,5228522,2021-01-20,,0276,
F125110107293,F1(w),25(),1(),1({),ȑw,ꌧÎsc֒,5202121,2021-01-20,,0420,
F125210107308,F1(w),25(),2(),1({),ꌧw,ꌧFs⒬QTOO,5228533,2021-01-20,,1216,
F125310107315,F1(w),25(),3(),1({),`w,ꌧÎs؂̗S|R|P,5200248,2021-01-20,,2525,
F125310107324,F1(w),25(),3(),1({),w,ꌧFscVQOԒn,5211123,2021-01-20,,2527,
F125310107333,F1(w),25(),3(),1({),loCIw,ꌧlscPQUUԒn,5260829,2021-01-20,,2528,
F125310107342,F1(w),25(),3(),1({),т킱X|[cw,ꌧÎskǂPQOSԒn,5200503,2021-01-20,,2529,
F125310107351,F1(w),25(),3(),1({),т킱w@w,ꌧߍ]sz{QXԒn,5270081,2021-01-20,,2530,
F125310107360,F1(w),25(),3(),1({),т킱nre[VEw@,ꌧߍ]sk⒬XUV@,5270145,2021-01-20,,2531,
F225310107378,F2(Z),25(),3(),1({),ꕶZw,ꌧlscRRT,5260829,2021-01-20,,5433,
F225310107387,F2(Z),25(),3(),1({),Zw,ꌧÎsuQS|S,5200803,2021-01-20,,5502,
F225310107396,F2(Z),25(),3(),1({),т킱w@wZw,ꌧߍ]sz{QX,5270081,2021-01-20,,5504,
F126110107407,F1(w),26(s),1(),1({),sw,s{ssgc{,6068501,2021-01-20,,0280,
F126110107416,F1(w),26(s),1(),1({),sw,s{ss[XP,6120863,2021-01-20,,0284,
F126110107425,F1(w),26(s),1(),1({),sH|@ۑw,s{ss揼苴㒬,6060951,2021-01-20,,0288,
F126210107432,F1(w),26(s),2(),1({),ss|pw,s{ss扺VTV[P,6008601,2021-01-20,,1220,
F126210107441,F1(w),26(s),2(),1({),s{w,s{ss扺ؒP|T,6068522,2021-01-20,,1224,
F126210107450,F1(w),26(s),2(),1({),s{ȑw,s{ss㋞͌ʍLH銁䒬SUT,6020841,2021-01-20,,1228,
F126210107469,F1(w),26(s),2(),1({),mRw,s{mRsxRRVO,6200886,2021-01-20,,1229,
F126310107476,F1(w),26(s),3(),1({),w@w,s{ss㋞掺ʞؒ镐qwQQP,6028029,2021-01-20,,2526,
F126310107485,F1(w),26(s),3(),1({),Jw,s{ssk揬R㑍,6038143,2021-01-20,,2539,
F126310107494,F1(w),26(s),3(),1({),sOw,s{ssE搼@}ڒU,6158558,2021-01-20,,2540,
F126310107500,F1(w),26(s),3(),1({),sYƑw,s{sskΖ{R,6038555,2021-01-20,,2541,
F126310107519,F1(w),26(s),3(),1({),sqw,s{ssR捡FkgRT,6058501,2021-01-20,,2542,
F126310107528,F1(w),26(s),3(),1({),sȑw,s{ssRȋ˒T,6078414,2021-01-20,,2543,
F126310107537,F1(w),26(s),3(),1({),s؏qw,s{ssE搼Ɋ쒬RW,6150882,2021-01-20,,2544,
F126310107546,F1(w),26(s),3(),1({),q@w,s{ss萿VO,6128156,2021-01-20,,2545,
F126310107555,F1(w),26(s),3(),1({),skw,s{ssRȋRcRS,6078175,2021-01-20,,2546,
F126310107564,F1(w),26(s),3(),1({),uБw,s{ss㋞捡oʉGۓUOP,6020893,2021-01-20,,2547,
F126310107573,F1(w),26(s),3(),1({),uЏqw,s{cӎs˓gXV|P,6100395,2021-01-20,,2548,
F126310107582,F1(w),26(s),3(),1({),sm[g_qw,s{ss扺X_P,6060847,2021-01-20,,2549,
F126310107591,F1(w),26(s),3(),1({),ԉw,s{ss搼mmW|P,6048456,2021-01-20,,2550,
F126310107608,F1(w),26(s),3(),1({),ŋw,s{ssk掇kԃmVXU,6038301,2021-01-20,,2551,
F126310107617,F1(w),26(s),3(),1({),ّw,s{ss搼m̔W,6048520,2021-01-20,,2552,
F126310107626,F1(w),26(s),3(),1({),Jw,s{ss[˖{UV,6128577,2021-01-20,,2553,
F126310107635,F1(w),26(s),3(),1({),s[Ȋww,s{ssERmܔcPWԒn,6158577,2021-01-20,,2554,
F126310107644,F1(w),26(s),3(),1({),sؑw,s{ssqؖ쒬PRV,6068588,2021-01-20,,2555,
F126310107653,F1(w),26(s),3(),1({),ۈÑw,s{OsgۖcqmJUԒnP,6290392,2021-01-20,,2556,
F126310107662,F1(w),26(s),3(),1({),s|pw,s{sskZRQ|PPU,6068271,2021-01-20,,2557,
F126310107671,F1(w),26(s),3(),1({),sw,s{Fs瑫WO,6110041,2021-01-20,,2558,
F126310107680,F1(w),26(s),3(),1({),pw,s{ssE捵ܓPԒn,6168362,2021-01-20,,2560,
F126310107699,F1(w),26(s),3(),1({),sw@w,s{sscOVԒn,6068225,2021-01-20,,2561,
F126310107706,F1(w),26(s),3(),1({),sÉȊww,s{OsRkPԂR,6220041,2021-01-20,,2562,
F126310107715,F1(w),26(s),3(),1({),sؒw,s{ssRщR|STU,6050062,2021-01-20,,2563,
F126310107724,F1(w),26(s),3(),1({),spH|w,s{ssR⒬ʐʉxlQVQԒnP,6050991,2021-01-20,,2564,
F126310107733,F1(w),26(s),3(),1({),sŌw,s{sspcP|QP,6048845,2021-01-20,,2565,
F226310107741,F2(Z),26(s),3(),1({),soϒZw,s{ss}RԂ̂P,6101195,2021-01-20,,5538,
F226310107750,F2(Z),26(s),3(),1({),rVZw,s{ss掺ʎl{gSXP,6008491,2021-01-20,,5539,
F226310107769,F2(Z),26(s),3(),9(p),JwZw,s{ssk揬R㑍,6038143,2021-01-20,2022-05-01,5540,
F226310107778,F2(Z),26(s),3(),1({),ؒZw,s{ssRщR|STU,6050062,2021-01-20,,5541,
F226310107787,F2(Z),26(s),3(),1({),sOZw,s{ssE搼@}ڒU,6158558,2021-01-20,,5542,
F226310107796,F2(Z),26(s),3(),1({),s؏qwZw,s{ssE搼Ɋ쒬RW,6150882,2021-01-20,,5545,
F226310107803,F2(Z),26(s),3(),1({),JwZw,s{ss[˖{UV,6128577,2021-01-20,,5548,
F226310107812,F2(Z),26(s),3(),1({),sZw,s{Fs瑫WO,6110041,2021-01-20,,5561,
F226310107821,F2(Z),26(s),3(),1({),sRZw,s{sQU,6170811,2021-01-20,,5563,
F226310107830,F2(Z),26(s),3(),1({),pZw,s{ssE捵ܓPԒn,6168362,2021-01-20,,5564,
G126110107842,G1(),26(s),1(),1({),ߍHƍwZ,s{ߎsQRS,6258511,2021-01-20,,6624,
F127110107852,F1(w),27(),1(),1({),w,{csRcuP|P,5650871,2021-01-20,,0292,
F127110107861,F1(w),27(),1(),1({),㋳w,{sPuS|UXW|P,5820026,2021-01-20,,0300,
F127210107878,F1(w),27(),2(),1({),sw,{sZg搙{R|R|PRW,5588585,2021-01-20,,1236,
F127210107887,F1(w),27(),2(),1({),{w,{swPԂP,5998531,2021-01-20,,1243,
F127210111989,F1(w),27(),2(),1({),w,{s{戮꒚ڂQԂV,5450051,2022-05-01,,,
F127310107894,F1(w),27(),3(),1({),oϑw,{sQ|Q|W,5330015,2021-01-20,,2577,
F127310107901,F1(w),27(),3(),1({),HƑw,{s{T|PU|P,5358585,2021-01-20,,2578,
F127310107910,F1(w),27(),3(),1({),㎕ȑw,{stԉW|P,5731121,2021-01-20,,2579,
F127310107929,F1(w),27(),3(),1({),w,{sZV]`S|S|P,5590033,2021-01-20,,2580,
F127310107938,F1(w),27(),3(),1({),Rw@w,{as܂ȂіP|P,5941198,2021-01-20,,2581,
F127310107947,F1(w),27(),3(),1({),ۓw,{QsrcPV|W,5728508,2021-01-20,,2582,
F127310107956,F1(w),27(),3(),1({),Rw@w,{sꠒˑS|T|P,5900114,2021-01-20,,2583,
F127310107965,F1(w),27(),3(),1({),Ȗȑw,{ΎswQ|V,5698686,2021-01-20,,2602,
F127310107974,F1(w),27(),3(),1({),㉹yw,{LsKP|P|W,5618555,2021-01-20,,2603,
F127310107983,F1(w),27(),3(),1({),w@w,{csݕQ|RU|P,5648511,2021-01-20,,2604,
F127310107992,F1(w),27(),3(),1({),|pw,{͓S͓쒬RSUX,5858555,2021-01-20,,2605,
F127310108009,F1(w),27(),3(),1({),YƑw,{哌s_R|P|P,5748530,2021-01-20,,2606,
F127310108018,F1(w),27(),3(),1({),㏾qw,{sHS|Q|QU,5778550,2021-01-20,,2607,
F127310108027,F1(w),27(),3(),1({),㏤Ƒw,{s~hS|P|PO,5778505,2021-01-20,,2608,
F127310108036,F1(w),27(),3(),1({),̈w,{SF撬P|P,5900496,2021-01-20,,2609,
F127310108045,F1(w),27(),3(),1({),dCʐMw,{QsPW|W,5728530,2021-01-20,,2610,
F127310108054,F1(w),27(),3(),9(p),ȑw,{ΎsލS|QO|P,5691041,2021-01-20,2021-05-27,2611,F127310107965
F127310108063,F1(w),27(),3(),1({),Jw,{xcюsѐDkR|PP|P,5848540,2021-01-20,,2612,
F127310108072,F1(w),27(),3(),1({),ǎw@w,{؎sЂQ|P|PT,5678502,2021-01-20,,2613,
F127310108081,F1(w),27(),3(),1({),֐w,{csR蒬R|R|RT,5640073,2021-01-20,,2614,
F127310108090,F1(w),27(),3(),1({),֐ȑw,{sVQڂTԂP,5731010,2021-01-20,,2615,
F127310108107,F1(w),27(),3(),1({),֐Ow,{s{VPU|P,5731001,2021-01-20,,2616,
F127310108116,F1(w),27(),3(),1({),ߋEw,{s]R|S|P,5778502,2021-01-20,,2617,
F127310108125,F1(w),27(),3(),1({),lVw,{HgswOR|Q|P,5838501,2021-01-20,,2618,
F127310108134,F1(w),27(),3(),1({),ˎRw@w,{s搰S|Q|Q,5900113,2021-01-20,,2620,
F127310108143,F1(w),27(),3(),1({),~ԏqw,{؎shvQ|PX|T,5678578,2021-01-20,,2621,
F127310108152,F1(w),27(),3(),1({),w,{sVT|S|RR,5808502,2021-01-20,,2622,
F127310108161,F1(w),27(),3(),1({),oϖ@ȑw,{syU|PO,5818511,2021-01-20,,2623,
F127310108170,F1(w),27(),3(),1({),㍑ۑw,{scU|QP|TV,5708555,2021-01-20,,2624,
F127310108189,F1(w),27(),3(),1({),֐Ȋww,{sPuRڂPP|P,5820026,2021-01-20,,2625,
F127310108198,F1(w),27(),3(),1({),w@w,{s敽POUO|P,5878555,2021-01-20,,2626,
F127310108205,F1(w),27(),3(),1({),։ww,{sAP|S|PQ,5470021,2021-01-20,,2627,
F127310108214,F1(w),27(),3(),1({),όw,{SF撬vۓTڂRԂP,5900493,2021-01-20,,2628,
F127310108223,F1(w),27(),3(),1({),lԉȊww,{ےÎsPڂSԂP,5668501,2021-01-20,,2629,
F127310108232,F1(w),27(),3(),1({),Hߍۑw,{sl쒬PWX̂P,5928344,2021-01-20,,2630,
F127310108241,F1(w),27(),3(),1({),㐬w,{s摊R|PO|UQ,5330007,2021-01-20,,2631,
F127310108250,F1(w),27(),3(),1({),֐Ñw,{SF撬tQڂPPԂP,5900482,2021-01-20,,2632,
F127310108269,F1(w),27(),3(),1({),痢w,{csTڂQTԂP,5650873,2021-01-20,,2633,
F127310108278,F1(w),27(),3(),1({),w,{swRڂPԂP,5778567,2021-01-20,,2634,
F127310108287,F1(w),27(),3(),1({),㏗w@w,{sʑQڂQUԂTS,5400004,2021-01-20,,2635,
F127310108296,F1(w),27(),3(),1({),w,{؎scSڂTԂS,5670012,2021-01-20,,2636,
F127310108303,F1(w),27(),3(),1({),Rw,{ʎsVQڂPPԂP,5620005,2021-01-20,,2637,
F127310108312,F1(w),27(),3(),1({),lww,{哌skTڂPPԂPO,5740011,2021-01-20,,2638,
F127310108321,F1(w),27(),3(),1({),nre[Vw,{LˎsԂPTWԒn,5970104,2021-01-20,,2639,
F127310108330,F1(w),27(),3(),1({),㑍ۈw,{sZg擒UڂSԂQU,5460013,2021-01-20,,2640,
F127310108349,F1(w),27(),3(),1({),Xm{Ñw,{sZV]`kP|QU|PU,5598611,2021-01-20,,2642,
F127310108358,F1(w),27(),3(),1({),یÑw,{skVPڂXԂQV,5300043,2021-01-20,,2654,
F127310108367,F1(w),27(),3(),1({),㕨Ñw,{sPkRRR,5938328,2021-01-20,,2656,
F127310108376,F1(w),27(),3(),1({),cÉȊww,{s{PڂQԂW,5320003,2021-01-20,,2657,
F127310108385,F1(w),27(),3(),1({),sÑw,{؎sP|P|SP,5670801,2021-01-20,,2658,
F127310108394,F1(w),27(),3(),1({),aw,{csЎRQ|T|P,5640082,2021-01-20,,2659,
F127310108900,F1(w),27(),3(),1({),ˑw,{skœcP|PR|PU,5300012,2021-05-27,,2676,
F127310111898,F1(w),27(),3(),1({),㍑ۍHȐEw,{sk~cR|R|P,5300001,2021-05-27,,2660,
F127310111950,F1(w),27(),3(),1({),Mw@w,{s铌ÎsQڂVԂRO,5368585,2022-05-01,,,
F227310108400,F2(Z),27(),3(),9(p),w@wZw,{Ύs약T|WP|P,5691042,2021-01-20,2023-05-01,5547,
F227310108419,F2(Z),27(),3(),1({),LXgZw,{s{ێRʂP|R|UP,5450042,2021-01-20,,5577,
F227310108428,F2(Z),27(),3(),1({),쏗qZw,{sZg擒U|S|QU,5460013,2021-01-20,,5579,
F227310108437,F2(Z),27(),3(),1({),[zuwZw,{sV搶ʎV|VQ,5430073,2021-01-20,,5580,
F227310108446,F2(Z),27(),3(),1({),Mw@Zw,{s铌ÎsQ|V|RO,5360001,2021-01-20,,5581,
F227310108455,F2(Z),27(),3(),1({),㐬Zw,{s摊R|PO|UQ,5330007,2021-01-20,,5582,
F227310108464,F2(Z),27(),3(),1({),㏗w@Zw,{sʑQ|QU|TS,5400004,2021-01-20,,5583,
F227310108473,F2(Z),27(),3(),1({),֐OwZw,{s{VPU|P,5731001,2021-01-20,,5585,
F227310108482,F2(Z),27(),3(),1({),։Zw,{s敽S|U|V,5470031,2021-01-20,,5588,
F227310108491,F2(Z),27(),3(),1({),|pwZw,{sZgcQ|PS|PX,5460023,2021-01-20,,5589,
F227310108507,F2(Z),27(),3(),9(p),v[w@Zw,{s揟RkP|PX|RP,5440033,2021-01-20,2022-05-01,5590,
F227310108516,F2(Z),27(),3(),1({),䏗qZw,{s󍁎RP|Q|QO,5900012,2021-01-20,,5602,
F227310108525,F2(Z),27(),3(),9(p),RwZw,{ʎsVQ|PP|P,5620005,2021-01-20,2022-05-01,5603,
F227310108534,F2(Z),27(),3(),1({),㉹ywZw,{LsKP|P|W,5618555,2021-01-20,,5604,
F227310108543,F2(Z),27(),3(),1({),w@wZw,{csݕQ|RV|P,5648511,2021-01-20,,5605,
F227310108552,F2(Z),27(),3(),1({),cZw,{͓sRcPUWT,5868511,2021-01-20,,5608,
F227310108561,F2(Z),27(),3(),1({),֐qZw,{sPuR|PP|P,5820026,2021-01-20,,5612,
F227310108570,F2(Z),27(),3(),1({),ߋEwZw,{s]R|S|P,5778502,2021-01-20,,5613,
F227310108589,F2(Z),27(),3(),1({),lwZw,{哌swU|ST,5740001,2021-01-20,,5616,
F227310108598,F2(Z),27(),3(),1({),lVwZw,{HgswOR|Q[P,5838501,2021-01-20,,5617,
F227310108605,F2(Z),27(),3(),1({),㍑ۑwZw,{scU|QP|TV,5700014,2021-01-20,,5620,
F227310108614,F2(Z),27(),3(),1({),wZw,{swRڂPԂP,5778567,2021-01-20,,5623,
F227310108623,F2(Z),27(),3(),1({),wZw,{؎scR|X|QT,5670018,2021-01-20,,5625,
F227310108632,F2(Z),27(),3(),1({),㌒NZw,{s捂qPQ|P,5900117,2021-01-20,,5629,
G127210108642,G1(),27(),2(),1({),wHƍwZ,{QsKQU|PQ,5720017,2021-01-20,,7120,
F128110108654,F1(w),28(),1(),1({),_ˑw,Ɍ_ˎsZb䒬P|P,6578501,2021-01-20,,0304,
F128110108663,F1(w),28(),1(),1({),ɋw,ɌsvĂXSQ|P,6731494,2021-01-20,,0464,
F128210108670,F1(w),28(),2(),1({),_ˎsOw,Ɍ_ˎswX|P,6512187,2021-01-20,,1248,
F128210108689,F1(w),28(),2(),1({),_ˎsŌw,Ɍ_ˎswR|S,6512103,2021-01-20,,1258,
F128210108698,F1(w),28(),2(),1({),Ɍw,Ɍ_ˎswW|Q|P,6512197,2021-01-20,,1263,
F128210111906,F1(w),28(),2(),1({),|pόEw,ɌLsRV|TQ,6680044,2021-05-27,,1269,
F128310108703,F1(w),28(),3(),1({),bw,Ɍ_ˎs扪{W|X|P,6580072,2021-01-20,,2643,
F128310108712,F1(w),28(),3(),1({),b쏗qw,Ɍ_ˎsXkU|Q|QR,6580001,2021-01-20,,2644,
F128310108721,F1(w),28(),3(),1({),_ˊCqw@w,Ɍ_ˎsJQ|V|P,6570805,2021-01-20,,2645,
F128310108730,F1(w),28(),3(),1({),_ˊw@w,Ɍ_ˎs`P|P|R,6508586,2021-01-20,,2646,
F128310108749,F1(w),28(),3(),1({),_ˏqw,Ɍ_ˎs{擌{RQ|P,6540018,2021-01-20,,2647,
F128310108758,F1(w),28(),3(),1({),_˖ȑw,Ɍ_ˎs{RkS|PX|P,6588558,2021-01-20,,2648,
F128310108767,F1(w),28(),3(),1({),_ˏqw@w,Ɍ_ˎsRP|Q|P,6570015,2021-01-20,,2649,
F128310108776,F1(w),28(),3(),1({),_ːeaw,Ɍ_ˎsk闖kV|PR|P,6511111,2021-01-20,,2650,
F128310108785,F1(w),28(),3(),1({),_ˍۑw,Ɍ_ˎsmX|P|U,6580032,2021-01-20,,2651,
F128310108794,F1(w),28(),3(),1({),ɑw,ɌÐsV݉ƂQROP,6750101,2021-01-20,,2652,
F128310108801,F1(w),28(),3(),1({),_ˏՑw,Ɍ_ˎscJQڂUԂQ,6530838,2021-01-20,,2653,
F128310108810,F1(w),28(),3(),1({),ˈÑw,Ɍˎsԉ~΃KuP,6660162,2021-01-20,,2655,
F128310108829,F1(w),28(),3(),1({),w,ɌsZ[PR|QQ,6598511,2021-01-20,,2666,
F128310108838,F1(w),28(),3(),1({),Ow,Ɍ{s䒃ƏU|SQ,6628552,2021-01-20,,2668,
F128310108847,F1(w),28(),3(),1({),֐w@w,Ɍ{sPԒP|PTT,6628501,2021-01-20,,2669,
F128310108856,F1(w),28(),3(),1({),bqw,ɌˎsgtKuPO|P,6650006,2021-01-20,,2670,
F128310108865,F1(w),28(),3(),1({),_ˏw@w,Ɍ{scRS|P,6628505,2021-01-20,,2671,
F128310108874,F1(w),28(),3(),1({),cwqw,ɌsˌV|QX|P,6610012,2021-01-20,,2673,
F128310108883,F1(w),28(),3(),1({),ɐ쏗qw,Ɍ{srJU|SU,6638558,2021-01-20,,2674,
F128310108892,F1(w),28(),3(),1({),Ɉȑw,Ɍ{sɐ쒬P|P,6638501,2021-01-20,,2675,
F128310108909,F1(w),28(),3(),9(p),ˑw,Ɍˎsԉ~KuV|QV,6650803,2021-01-20,2021-05-27,2676,F127310108900
F128310108918,F1(w),28(),3(),1({),PHՋw,ɌPHsV|Q|P,6708524,2021-01-20,,2677,
F128310108927,F1(w),28(),3(),1({),ʉȊww,Ɍ_ˎswR|P,6512188,2021-01-20,,2678,
F128310108936,F1(w),28(),3(),1({),_ˌ|pHȑw,Ɍ_ˎswW|P|P,6512196,2021-01-20,,2679,
F128310108945,F1(w),28(),3(),1({),֐w,ɌԕsVcƌRWÔR,6780255,2021-01-20,,2680,
F128310108954,F1(w),28(),3(),1({),֐ۑw,ɌO؎suRPڂPW,6730521,2021-01-20,,2681,
F128310108963,F1(w),28(),3(),1({),_ˈÖw,Ɍ_S蒬cPXUUԒn̂T,6792217,2021-01-20,,2683,
F128310108972,F1(w),28(),3(),1({),_ˏw@w,Ɍ_ˎs[QڂQԂV,6500001,2021-01-20,,2685,
F128310108981,F1(w),28(),3(),1({),֐ŌÑw,ɌWHsu}DPSTUԂS,6562131,2021-01-20,,2686,
F128310108990,F1(w),28(),3(),9(p),ɈÑw,Ɍ_ˎs`PڂRԂU,6508530,2021-01-20,2022-05-01,2688,F128310108892
F128310109007,F1(w),28(),3(),1({),PHw,ɌPHs剖QOSQԂQ,6710101,2021-01-20,,2689,
F228310109015,F2(Z),28(),3(),1({),OZw,Ɍ{s䒃ƏU|SQ,6628552,2021-01-20,,5584,
F228310109024,F2(Z),28(),3(),1({),_ˏqZw,Ɍ_ˎs`S|V|Q,6500046,2021-01-20,,5646,
F228310109033,F2(Z),28(),3(),1({),_ˏՑwZw,Ɍ_ˎscJQ|U|Q,6530838,2021-01-20,,5647,
F228310109042,F2(Z),28(),3(),9(p),_ˎRZw,Ɍ_ˎszKRR|P,6500006,2021-01-20,2021-05-27,5648,
F228310109051,F2(Z),28(),3(),1({),hZw,Ɍ_ˎseRP|PW|P,6580065,2021-01-20,,5650,
F228310109060,F2(Z),28(),3(),9(p),wZw,ɌsZ[PS|PO,6598511,2021-01-20,2021-05-27,5667,
F228310109079,F2(Z),28(),3(),1({),LZw,ɌLs˖qPUO,6688580,2021-01-20,,5669,
F228310109088,F2(Z),28(),3(),1({),bqZw,Ɍ{sђS|QT,6638107,2021-01-20,,5671,
F228310109097,F2(Z),28(),3(),1({),_ˋZw,Ɍ_ˎsc搼RQ|R|R,6530862,2021-01-20,,5672,
F228310109104,F2(Z),28(),3(),1({),֐w@Zw,Ɍ{scRV|TS,6620827,2021-01-20,,5673,
F228310109113,F2(Z),28(),3(),1({),cwqwZw,ɌsˌV|QX|P,6610012,2021-01-20,,5674,
F228310109122,F2(Z),28(),3(),1({),YƋZpZw,ɌszP|QV|P,6610047,2021-01-20,,5675,
F228310109131,F2(Z),28(),3(),1({),mHiHƒZw,Ɍ쐼sԉ~S|QR|Q,6660026,2021-01-20,,5676,
F228310109140,F2(Z),28(),3(),1({),ɑwZw,ɌÐsV݉ƂQROP,6750101,2021-01-20,,5677,
F228310109159,F2(Z),28(),3(),1({),Zw,ɌOcslc҂PSRO,6691342,2021-01-20,,5678,
F228310109168,F2(Z),28(),3(),1({),ɐ쏗qwZw,Ɍ{srJU|SU,6638558,2021-01-20,,5679,
F228310109177,F2(Z),28(),3(),1({),PHm{Zw,ɌPHsCWXO|P,6792151,2021-01-20,,5681,
G128110109189,G1(),28(),1(),1({),΍HƍwZ,ɌΎsZUVX|R,6748501,2021-01-20,,6632,
G128210109196,G1(),28(),2(),1({),_ˎsHƍwZ,Ɍ_ˎswW|R,6512102,2021-01-20,,7130,
F129110109206,F1(w),29(ޗ),1(),1({),ޗǋw,ޗǌޗǎs,6308528,2021-01-20,,0312,
F129110109215,F1(w),29(ޗ),1(),1({),ޗǏqw,ޗǌޗǎsk,6308506,2021-01-20,,0316,
F129110109224,F1(w),29(ޗ),1(),1({),ޗǐ[ȊwZpw@w,ޗǌsRWXPU|T,6300192,2021-01-20,,0492,
F129210109231,F1(w),29(ޗ),2(),1({),ޗǌȑw,ޗǌsl𒬂WSO,6348521,2021-01-20,,1264,
F129210109240,F1(w),29(ޗ),2(),1({),ޗǌw,ޗǌޗǎsDPO,6308258,2021-01-20,,1266,
F129310109257,F1(w),29(ޗ),3(),1({),ˎRw,ޗǌޗǎsˎRV|P|P,6318501,2021-01-20,,2690,
F129310109266,F1(w),29(ޗ),3(),1({),Vw,ޗǌVs[VPOTO,6328510,2021-01-20,,2691,
F129310109275,F1(w),29(ޗ),3(),1({),ޗǑw,ޗǌޗǎsR˒PTOO,6318502,2021-01-20,,2692,
F129310109284,F1(w),29(ޗ),3(),1({),ޗǊww,ޗǌޗǎsouR|PT|P,6318524,2021-01-20,,2693,
F129310109293,F1(w),29(ޗ),3(),1({),Ew,ޗǌkSL˒nlڂQԂQ,6350832,2021-01-20,,2694,
F129310109300,F1(w),29(ޗ),3(),9(p),VÑw,ޗǌVsʏWO|P,6320018,2021-01-20,2023-05-01,2695,
F229310109318,F2(Z),29(ޗ),3(),1({),ޗǌ|pZw,ޗǌsvĒQQQ,6340063,2021-01-20,,5690,
F229310109327,F2(Z),29(ޗ),3(),1({),ޗǍےZw,ޗǌޗǎs쉀WOU,6308425,2021-01-20,,5692,
F229310109336,F2(Z),29(ޗ),3(),1({),awPZw,ޗǌkSP|V|PV,6360011,2021-01-20,,5696,
G129110109348,G1(),29(ޗ),1(),1({),ޗǍHƍwZ,ޗǌaSRscQQ,6391080,2021-01-20,,6636,
F130110109356,F1(w),30(a̎R),1(),1({),a̎Rw,a̎Ra̎RshJXRO,6408510,2021-01-20,,0320,
F130210109363,F1(w),30(a̎R),2(),1({),a̎Rȑw,a̎Ra̎RsIO䎛WPP|P,6418509,2021-01-20,,1268,
F130310109370,F1(w),30(a̎R),3(),1({),Rw,a̎RɓsS쒬RRWT,6480211,2021-01-20,,2705,
F130310109389,F1(w),30(a̎R),3(),1({),a̎RMw,a̎Ra̎RsZgP,6408022,2021-01-20,,2706,
F130310111919,F1(w),30(a̎R),3(),1({),a̎Rnre[VEw,a̎Ra̎Rs{OڂPԒn,6408222,2021-05-27,,2707,
F230310109397,F2(Z),30(a̎R),3(),1({),a̎RMqZw,a̎Ra̎RsVOQ|Q,6400341,2021-01-20,,5705,
G130110109407,G1(),30(a̎R),1(),1({),a̎RHƍwZ,a̎RVsc쓇VV,6440023,2021-01-20,,6640,
F131110109417,F1(w),31(),1(),1({),w,挧sΎRS|POP,6800945,2021-01-20,,0324,
F131210109424,F1(w),31(),2(),1({),w,挧stk꒚ڂPԂP,6891111,2021-01-20,,1272,
F131310109431,F1(w),31(),3(),1({),Ōw,挧qgsWTS,6828555,2021-01-20,,2711,
F231310109449,F2(Z),31(),3(),1({),Zw,挧qgsWTS,6828555,2021-01-20,,5713,
G131110109451,G1(),31(),1(),1({),ĎqHƍwZ,挧ĎqsFSSSW,6830854,2021-01-20,,6644,
F132110109461,F1(w),32(),1(),1({),w,]sÒPOUO,6908504,2021-01-20,,0512,
F132210109478,F1(w),32(),2(),1({),w,lcs쌴QSRRԂQ,6970016,2021-01-20,,1277,
F232210109486,F2(Z),32(),2(),1({),wZw,]slT؂V|QS|Q,6900044,2021-01-20,,4538,
G132110109496,G1(),32(),1(),1({),]HƍwZ,]snPS|S,6900865,2021-01-20,,6648,
F133110109503,F1(w),33(R),1(),1({),Rw,RRskÓP|P|P,7008530,2021-01-20,,0332,
F133210109510,F1(w),33(R),2(),1({),Rw,RЎsE؂PPP,7191112,2021-01-20,,1278,
F133210109529,F1(w),33(R),2(),1({),Vw,RVsPQURԒnQ,7188585,2021-01-20,,1279,
F133310109536,F1(w),33(R),3(),1({),gۑw,Rsɉ꒬W,7168508,2021-01-20,,2725,
F133310109545,F1(w),33(R),3(),1({),Rȑw,RRskÓQ|PO|P,7008601,2021-01-20,,2726,
F133310109554,F1(w),33(R),3(),1({),Rȑw,RRsk旝咬P|P,7000005,2021-01-20,,2727,
F133310109563,F1(w),33(R),3(),1({),炵zw,Rq~sʓRTPT,7100292,2021-01-20,,2728,
F133310109572,F1(w),33(R),3(),1({),m[g_Sqw,RRskɕQ|PU|X,7008516,2021-01-20,,2729,
F133310109581,F1(w),33(R),3(),1({),ȑw,Rq~sTVV,7010192,2021-01-20,,2730,
F133310109590,F1(w),33(R),3(),1({),Aw,RRs搼쌴P|U|P,7038516,2021-01-20,,2731,
F133310109607,F1(w),33(R),3(),1({),Õw,Rq~sQWW,7010193,2021-01-20,,2732,
F133310109616,F1(w),33(R),3(),1({),Rzww,RRs敽P|PS|P,7038501,2021-01-20,,2733,
F133310109625,F1(w),33(R),3(),1({),q~|pȊww,Rq~sAVYQUSO,7128505,2021-01-20,,2734,
F133310109634,F1(w),33(R),3(),1({),Rw@w,Rq~sLVWVԒn,7108511,2021-01-20,,2735,
F133310109643,F1(w),33(R),3(),1({),ww,RRsk됣WRԒn,7010197,2021-01-20,,2736,
F133310109652,F1(w),33(R),3(),1({),mw,RRs˒ωVQPԒn,7090863,2021-01-20,,2737,
F133310109661,F1(w),33(R),3(),1({),RÐEw@,RRsk募RڂQ|PW@,7000913,2021-01-20,,2738,
F133310109670,F1(w),33(R),3(),1({),w,RÎRskTO,7088511,2021-01-20,,2743,
F233210109680,F2(Z),33(R),2(),1({),q~sZw,Rq~sBcPUO,7110937,2021-01-20,,4542,
F233210109699,F2(Z),33(R),2(),9(p),VZw,RVsPQUR|Q,7180017,2021-01-20,2021-05-27,4546,
F233310109704,F2(Z),33(R),3(),1({),AZw,RRs搼쌴P|U|P,7038516,2021-01-20,,5726,
F233310109713,F2(Z),33(R),3(),1({),RZw,Rq~sLVWVԒn,7108511,2021-01-20,,5727,
F233310109722,F2(Z),33(R),3(),1({),zZw,Rq~sʓRTQS,7100292,2021-01-20,,5728,
F233310109731,F2(Z),33(R),3(),1({),Zw,RRsk됣WRԒn,7010197,2021-01-20,,5730,
F233310109740,F2(Z),33(R),3(),1({),wZw,RÎRskTO,7088511,2021-01-20,,5731,
F233310109759,F2(Z),33(R),3(),1({),RzwZw,RRs敽P|PS|P,7038501,2021-01-20,,5732,
F233310109768,F2(Z),33(R),3(),1({),ÒZw,RRsk撆R񒚖ڂP|VO,7000821,2021-01-20,,5733,
G133110109770,G1(),33(R),1(),1({),ÎRHƍwZ,RÎRsUQS|P,7080824,2021-01-20,,6652,
F134110109780,F1(w),34(L),1(),1({),Lw,LLsRP|R|Q,7398511,2021-01-20,,0336,
F134210109797,F1(w),34(L),2(),1({),Lw,LLsFiPڂPԂVP,7348558,2021-01-20,,1282,
F134210109804,F1(w),34(L),2(),1({),sw,LsvRcPUOOԒnQ,7228506,2021-01-20,,1283,
F134210109813,F1(w),34(L),2(),1({),Lsw,LLs˓R|S|P,7313194,2021-01-20,,1287,
F134210109822,F1(w),34(L),2(),1({),Rsw,LRs`񒚖ڂPX|P,7210964,2021-01-20,,1295,
F134210111926,F1(w),34(L),2(),1({),b[w,LLsP|T,7300016,2021-05-27,,1296,
F134310109839,F1(w),34(L),3(),1({),GUxgyw,LLsS|PT,7300016,2021-01-20,,2744,
F134310109848,F1(w),34(L),3(),1({),Loϑw,LLs_T|RV|P,7310138,2021-01-20,,2745,
F134310109857,F1(w),34(L),3(),1({),LHƑw,LLsOQ|P|P,7315193,2021-01-20,,2746,
F134310109866,F1(w),34(L),3(),1({),LCw,LLs˓P|P|P,7313195,2021-01-20,,2747,
F134310109875,F1(w),34(L),3(),1({),Lw@w,LLs拍cS|PR|P,7320063,2021-01-20,,2748,
F134310109884,F1(w),34(L),3(),1({),Lۊw@w,LLs|撆U|QO|P,7390321,2021-01-20,,2749,
F134310109893,F1(w),34(L),3(),1({),Lw,LLskP|Q|P,7310222,2021-01-20,,2750,
F134310109900,F1(w),34(L),3(),1({),cqw,LLsU|PR|P,7310153,2021-01-20,,2751,
F134310109919,F1(w),34(L),3(),1({),Rw,LRsOXWTԒn̂P,7290292,2021-01-20,,2752,
F134310109928,F1(w),34(L),3(),1({),䎡Rw,LLs拍cVS|P|P,7328509,2021-01-20,,2753,
F134310109937,F1(w),34(L),3(),1({),Rw,LRsK厚␬˂PPV|P,7200001,2021-01-20,,2754,
F134310109946,F1(w),34(L),3(),1({),Lww,Lswт̋uP|P|P@,7370182,2021-01-20,,2755,
F134310109955,F1(w),34(L),3(),1({),Lۑw,LLswTTT|RU,7392695,2021-01-20,,2756,
F134310109964,F1(w),34(L),3(),1({),{ԏ\LŌw,Lssi䓌P|Q,7380052,2021-01-20,,2757,
F134310109973,F1(w),34(L),3(),1({),Lssww,LLsFiܒڂPR|PW,7340014,2021-01-20,,2759,
F234310109981,F2(Z),34(L),3(),1({),RzqZw,Lss{P|P,7380003,2021-01-20,,5744,
F234310109990,F2(Z),34(L),3(),1({),䎡RwZw,LLs拍cVS|P|P,7328509,2021-01-20,,5747,
F234310110005,F2(Z),34(L),3(),9(p),Lۊw@wԒZw,LLs|㐣쒬TPV|P,7390302,2021-01-20,2021-05-27,5750,
F234310110014,F2(Z),34(L),3(),1({),LwZw,LLs撷R|T|P,7310136,2021-01-20,,5751,
F234310110023,F2(Z),34(L),3(),1({),cqZw,LLsU|PR|P,7310153,2021-01-20,,5754,
G134110110035,G1(),34(L),1(),1({),HƍwZ,LsQ|Q|PP,7370004,2021-01-20,,6656,
G134110110044,G1(),34(L),1(),1({),LDwZ,LLcS㓇SQVQ|P,7250231,2021-01-20,,6660,
F135110110054,F1(w),35(R),1(),1({),Rw,RRsgcPUVV|P,7538511,2021-01-20,,0340,
F135210110061,F1(w),35(R),2(),1({),֎sw,R֎swQ|P|P,7518510,2021-01-20,,1288,
F135210110070,F1(w),35(R),2(),1({),Rw,RRsU|Q|P,7538502,2021-01-20,,1292,
F135210110089,F1(w),35(R),2(),1({),RzcsRȑw,RRzcswʂP|P|P,7560884,2021-01-20,,1293,
F135210111961,F1(w),35(R),2(),1({),w,RswWSR|S|Q,7458566,2022-05-01,,,
F135310110096,F1(w),35(R),3(),1({),~w@w,R֎smP|P|P,7508511,2021-01-20,,2764,
F135310110103,F1(w),35(R),3(),9(p),Rw,RswWSR|S|Q,7458566,2021-01-20,2022-05-01,2765,F135210111961
F135310110112,F1(w),35(R),3(),1({),w,R֎s̋{wQ|P,7518503,2021-01-20,,2766,
F135310110121,F1(w),35(R),3(),1({),ّw,Rs֓YcTOOO,7588585,2021-01-20,,2768,
F135310110130,F1(w),35(R),3(),1({),FteBAw,RFs񒚖ڂPԂP,7550805,2021-01-20,,2769,
F135310110149,F1(w),35(R),3(),1({),Rw|w,RRsS݂炢꒚ڂVԂP,7540032,2021-01-20,,2770,
F235310110157,F2(Z),35(R),3(),1({),FteBAwZw,RFsQ|P|P,7550805,2021-01-20,,5764,
F235310110166,F2(Z),35(R),3(),1({),֒Zw,R֎sRP|P,7500035,2021-01-20,,5765,
F235310110175,F2(Z),35(R),3(),1({),RZw,Rh{s厚䓹Ɏ}PPRSUԂ̂Q,7471232,2021-01-20,,5768,
F235310110184,F2(Z),35(R),3(),1({),R|pZw,RRsS݂炢꒚ڂVԂP,7540032,2021-01-20,,5769,
F235310110193,F2(Z),35(R),3(),1({),⍑Zw,R⍑sÒQ|QS|PW,7400032,2021-01-20,,5770,
G135110110203,G1(),35(R),1(),1({),RHƍwZ,Rsw,7458585,2021-01-20,,6552,
G135110110212,G1(),35(R),1(),1({),FHƍwZ,RFsՑQ|PS|P,7558555,2021-01-20,,6664,
G135110110221,G1(),35(R),1(),1({),哇DwZ,R哇Sh哇厚POXP|P,7422193,2021-01-20,,6668,
F136110110231,F1(w),36(),1(),1({),w,sVQ|QS,7708501,2021-01-20,,0344,
F136110110240,F1(w),36(),1(),1({),勳w,s咬VSW,7728502,2021-01-20,,0476,
F136310110255,F1(w),36(),3(),1({),lw,s_Ð쎚^qPQR|P,7711192,2021-01-20,,2779,
F136310110264,F1(w),36(),3(),1({),w,s{PڂW,7708560,2021-01-20,,2780,
F236310110272,F2(Z),36(),3(),1({),lwZw,s_Ð쎚^qPQR|P,7711192,2021-01-20,,5779,
F236310110281,F2(Z),36(),3(),1({),wZw,s{P|W,7708560,2021-01-20,,5780,
F236310110290,F2(Z),36(),3(),1({),HƒZw,S쒬@ԒJPOO,7790108,2021-01-20,,5782,
G136110110300,G1(),36(),1(),1({),HƍwZ,s\ђ؂QUT,7740017,2021-01-20,,6672,
G136310000014,G1(),36(),3(),1({),_R܂邲ƍwZ,S_R_̎pPVT|P,7713310,2023-05-01,,,
F137110110310,F1(w),37(),1(),1({),w,쌧sKP|P,7608521,2021-01-20,,0516,
F137210110327,F1(w),37(),2(),1({),쌧یÑw,쌧s璬QWPԒnP,7610123,2021-01-20,,1300,
F137310110334,F1(w),37(),3(),1({),lw@w,쌧PʎsR|Q|P,7650013,2021-01-20,,2790,
F137310110343,F1(w),37(),3(),1({),w,쌧stXUO,7610194,2021-01-20,,2791,
F237310110351,F2(Z),37(),3(),1({),Zw,쌧̌SFÒlԒPO,7690201,2021-01-20,,5791,
F237310110360,F2(Z),37(),3(),1({),Zw,쌧stXUO,7610194,2021-01-20,,5794,
F237310111939,F2(Z),37(),3(),1({),ƂόEZw,쌧sQRUU|P,7610113,2021-05-27,,5795,
G137110110372,G1(),37(),1(),1({),썂wZ,쌧sgRTT,7618058,2021-01-20,,6725,
F138110110382,F1(w),38(Q),1(),1({),Qw,QRs󖔂PO|PR,7908577,2021-01-20,,0352,
F138210110399,F1(w),38(Q),2(),1({),QËZpw,Qɗ\SucTSRԒn,7912101,2021-01-20,,1305,
F138310110404,F1(w),38(Q),3(),1({),Rw,QRsS|Q,7900826,2021-01-20,,2803,
F138310110413,F1(w),38(Q),3(),1({),J^iw,QRskUUO,7992496,2021-01-20,,2804,
F138310110422,F1(w),38(Q),3(),1({),R_qw,QRsKR|Q|P,7908531,2021-01-20,,2805,
F238310110430,F2(Z),38(Q),3(),1({),Zw,QscbUWW,7940073,2021-01-20,,5803,
F238310110449,F2(Z),38(Q),3(),1({),mwZw,QFasɐnSQP,7980022,2021-01-20,,5804,
F238310110458,F2(Z),38(Q),3(),1({),J^iwZw,QRskUUO,7992496,2021-01-20,,5806,
F238310110467,F2(Z),38(Q),3(),1({),R_Zw,QRsKR|Q|P,7908531,2021-01-20,,5807,
F238310110476,F2(Z),38(Q),3(),1({),RZw,QRsS|Q,7900826,2021-01-20,,5808,
G138110110488,G1(),38(Q),1(),1({),VlHƍwZ,QVls_V|P,7920805,2021-01-20,,6680,
G138110110497,G1(),38(Q),1(),1({),|폤DwZ,QzqS㓇|퉺|POOOԒn,7942593,2021-01-20,,6684,
F139110110504,F1(w),39(m),1(),1({),mw,mmsQ|T|P,7808520,2021-01-20,,0520,
F139210110511,F1(w),39(m),2(),1({),mw,mmsrQVTP|P,7818515,2021-01-20,,1308,
F139210110520,F1(w),39(m),2(),1({),mHȑw,msyRc{mPWT,7828502,2021-01-20,,1309,
F139310110537,F1(w),39(m),3(),1({),mnre[VEw,mysPPRX|R,7811102,2021-01-20,,2811,
F139310110546,F1(w),39(m),3(),1({),mww,mmsV_QXQԒnQU@,7800955,2021-01-20,,2812,
F139310110556,F1(w),39(m),3(),1({),?mNȊw?w,mms??QTOOԒnQ,7815103,2024-05-01,,,
F239310110554,F2(Z),39(m),3(),1({),mwZw,mmsV_QXQԒnQU@,7800955,2021-01-20,,5820,
G139110110566,G1(),39(m),1(),1({),mHƍwZ,m썑sQOOԂP,7838508,2021-01-20,,6688,
F140110110574,F1(w),40(),1(),1({),BHƑw,kBs˔吅P|P,8048550,2021-01-20,,0360,
F140110110583,F1(w),40(),1(),1({),w,@sԊԕP|P,8114192,2021-01-20,,0364,
F140110110592,F1(w),40(),1(),1({),Bw,s挳VSS,8190395,2021-01-20,,0368,
F140210110607,F1(w),40(),2(),1({),kBsw,kBsqkS|Q|P,8028577,2021-01-20,,1312,
F140210110616,F1(w),40(),2(),1({),Bȑw,kBsqk^߂Q|U|P,8038580,2021-01-20,,1316,
F140210110625,F1(w),40(),2(),1({),qw,s捁ZPuP|P|P,8138529,2021-01-20,,1320,
F140210110634,F1(w),40(),2(),1({),w,cs厚ɓcSRXT,8258585,2021-01-20,,1322,
F140310110641,F1(w),40(),3(),1({),Bw,kBs掩RPuP|W,8078585,2021-01-20,,2827,
F140310110650,F1(w),40(),3(),1({),Bqw,kBs掩RuP|P,8070867,2021-01-20,,2828,
F140310110669,F1(w),40(),3(),1({),Bۑw,kBs敽P|U|P,8058512,2021-01-20,,2829,
F140310110678,F1(w),40(),3(),1({),ȑw,sǋcQ|PT|P,8140193,2021-01-20,,2830,
F140310110687,F1(w),40(),3(),1({),BYƑw,s揼Q|R|P,8138503,2021-01-20,,2847,
F140310110696,F1(w),40(),3(),1({),vđw,vĎsUV,8300011,2021-01-20,,2848,
F140310110703,F1(w),40(),3(),1({),w@w,sǋ搼VU|Q|XQ,8148511,2021-01-20,,2849,
F140310110712,F1(w),40(),3(),1({),ȑw,sʐ쒬QQ|P,8158511,2021-01-20,,2850,
F140310110721,F1(w),40(),3(),1({),ww,sʕ{T|V|P,8140198,2021-01-20,,2852,
F140310110730,F1(w),40(),3(),1({),{HƑw,sScVÂPڂPPԒnP,8000394,2021-01-20,,2853,
F140310110749,F1(w),40(),3(),1({),w,s掵GW|PX|P,8140180,2021-01-20,,2854,
F140310110758,F1(w),40(),3(),1({),HƑw,saR|RO|P,8110295,2021-01-20,,2855,
F140310110767,F1(w),40(),3(),1({),{oϑw,ɕ{s܏R|PP|QT,8180197,2021-01-20,,2856,
F140310110776,F1(w),40(),3(),1({),včHƑw,vĎsÒQQQW|UU,8300052,2021-01-20,,2857,
F140310110785,F1(w),40(),3(),1({),Yƈȑw,kBs㐶PuP|P,8078555,2021-01-20,,2858,
F140310110794,F1(w),40(),3(),1({),}ww,ɕ{s΍Q|PQ|P,8180192,2021-01-20,,2859,
F140310110801,F1(w),40(),3(),1({),w@w,sHR|SQ|P,8111313,2021-01-20,,2860,
F140310110810,F1(w),40(),3(),1({),쏗w@w,kBsqkxP|R|T,8030835,2021-01-20,,2861,
F140310110829,F1(w),40(),3(),1({),Bw,ɕ{sɕ{UڂR|P,8180117,2021-01-20,,2862,
F140310110838,F1(w),40(),3(),1({),Bh{w,kBsqk扺ÌܒڂPԂP,8038511,2021-01-20,,2864,
F140310110847,F1(w),40(),3(),1({),{ԏ\BۊŌw,@sAXeBPڂPԒn,8114157,2021-01-20,,2865,
F140310110856,F1(w),40(),3(),1({),}Aw@w,vĎsÕ{SQQԒn,8308558,2021-01-20,,2867,
F140310110865,F1(w),40(),3(),1({),TCo[w,s捁ŏƗtOڂQԂPV[}[NrRK,8130017,2021-01-20,,2868,
F140310110874,F1(w),40(),3(),1({),w@Ōw,És璹PڂPԂV,8113113,2021-01-20,,2869,
F140310110883,F1(w),40(),3(),9(p),یÌocw,݂܎s{XUOԒnS,8350018,2021-01-20,2024-05-01,2870,
F140310110892,F1(w),40(),3(),1({),^ww,s}uP|P|P,8158510,2021-01-20,,2872,
F140310110909,F1(w),40(),3(),1({),Ōw,sǋcQ|PT|P,8140193,2021-01-20,,2873,
F140310110918,F1(w),40(),3(),1({),ۈÕw,sǋSlR|U|SO,8140001,2021-01-20,,2874,
F140310112006,F1(w),40(),3(),1({),ߘaNȊww,sauQڂP|PQ,8110213,2022-05-01,,,
F240310110926,F2(Z),40(),3(),1({),ܔ^Zw,kBsx쒬PP|P,8070861,2021-01-20,,5827,
F240310110935,F2(Z),40(),3(),1({),BqZw,kBs掩RPuP,8070867,2021-01-20,,5828,
F240310110944,F2(Z),40(),3(),1({),쏗w@wZw,kBsqkxP|R|Q,8030835,2021-01-20,,5830,
F240310110953,F2(Z),40(),3(),1({),}Zw,kBsqk扺ÌܒڂPԂP,8038511,2021-01-20,,5831,
F240310110962,F2(Z),40(),3(),1({),qZw,ɕ{s܏S|PU|P,8180193,2021-01-20,,5847,
F240310110971,F2(Z),40(),3(),1({),ߋEwBZw,ђˎsԓcP|T|RO,8200016,2021-01-20,,5849,
F240310110980,F2(Z),40(),3(),9(p),vĐMZw,vĎs䒬QQVW|P,8398508,2021-01-20,2024-05-01,5851,
F240310110999,F2(Z),40(),3(),1({),qZw,s扡P|Q|P,8111311,2021-01-20,,5852,
F240310111006,F2(Z),40(),3(),1({),^Zw,s}uP|P|P,8158510,2021-01-20,,5853,
F240310111015,F2(Z),40(),3(),1({),؏qZw,s씪Q|PQ|P,8120886,2021-01-20,,5854,
F240310111024,F2(Z),40(),3(),1({),wwZw,sʕ{T|V|P,8140198,2021-01-20,,5857,
F240310111033,F2(Z),40(),3(),1({),{Zw,s敟lP|R|P,8100066,2021-01-20,,5858,
F240310111042,F2(Z),40(),3(),1({),HƑwZw,saR|RO|P,8110214,2021-01-20,,5859,
F240310111051,F2(Z),40(),3(),1({),w@wZw,sHR|SQ|P,8111313,2021-01-20,,5860,
F240310111060,F2(Z),40(),3(),1({),BYƑw`Zw,s揼Q|R|P,8138503,2021-01-20,,5862,
F240310111079,F2(Z),40(),3(),1({),BJZw,}sJSXT|P,8330054,2021-01-20,,5863,
F240310111088,F2(Z),40(),3(),1({),ǂZw,ɕ{s܏R|PP|QT,8180125,2021-01-20,,5864,
F240310111097,F2(Z),40(),3(),1({),ÒZw,sǋcQ|PT|P,8140193,2021-01-20,,5869,
G140110111107,G1(),40(),1(),1({),včHƍwZ,vĎsXP|P|P,8308555,2021-01-20,,6692,
G140110111116,G1(),40(),1(),1({),LHƍwZ,喴csPTO,8368585,2021-01-20,,6696,
G140110111125,G1(),40(),1(),1({),kBHƍwZ,kBsquT|QO|P,8020985,2021-01-20,,6700,
F141110111135,F1(w),41(),1(),1({),w,ꌧs{P,8408502,2021-01-20,,0524,
F141310111140,F1(w),41(),3(),1({),Bw,ꌧ_s_钬SSXO|X,8428585,2021-01-20,,2871,
F241310111158,F2(Z),41(),3(),1({),ꏗqZw,ꌧs{厚{PRPR,8408550,2021-01-20,,5871,
F241310111167,F2(Z),41(),3(),1({),BwZw,ꌧs_R|PW|PT,8400806,2021-01-20,,5872,
F241310111176,F2(Z),41(),3(),1({),BJZw,ꌧscPRTO,8410072,2021-01-20,,5873,
F142110111189,F1(w),42(),1(),1({),w,茧sP|PS,8528521,2021-01-20,,0380,
F142210111196,F1(w),42(),2(),1({),茧w,茧ێs쉺PQRԒn,8580914,2021-01-20,,1330,
F142310111201,F1(w),42(),3(),1({),葍Ȋww,茧sԏ꒬TRU,8510193,2021-01-20,,2882,
F142310111210,F1(w),42(),3(),1({),qw,茧sR蒬P[TO,8508515,2021-01-20,,2883,
F142310111229,F1(w),42(),3(),1({),菃Sw,茧sOcRQRT,8528558,2021-01-20,,2884,
F142310111238,F1(w),42(),3(),1({),荑ۑw,茧ێsnEXe{XQWQTԂV,8593298,2021-01-20,,2885,
F142310111247,F1(w),42(),3(),1({),Ow,茧ދnSÒPOPOԒnP,8512196,2021-01-20,,2886,
F142310111256,F1(w),42(),3(),1({),w@w,茧|shcPQPQ|P,8540082,2021-01-20,,2887,
F242310111264,F2(Z),42(),3(),1({),菗qZw,茧s퐶PX|P,8508512,2021-01-20,,5882,
F242310111273,F2(Z),42(),3(),1({),Zw,茧ێsŖؒUOO,8580925,2021-01-20,,5884,
G142110111285,G1(),42(),1(),1({),ۍHƍwZ,茧ێsVP̂P,8571193,2021-01-20,,6704,
F143110111295,F1(w),43(F{),1(),1({),F{w,F{F{s捕Q|RX|P,8608555,2021-01-20,,0384,
F143210111300,F1(w),43(F{),2(),1({),F{w,F{F{s挎oR|P|POO,8628502,2021-01-20,,1332,
F143310111317,F1(w),43(F{),3(),1({),w,F{F{srcSڂQQԂP,8600082,2021-01-20,,2903,
F143310111326,F1(w),43(F{),3(),1({),F{ww,F{F{s]QڂTԂP,8628680,2021-01-20,,2904,
F143310111335,F1(w),43(F{),3(),1({),Dw,F{F{siQ|U|VW,8628678,2021-01-20,,2905,
F143310111344,F1(w),43(F{),3(),1({),B[ew@w,F{F{s捕RڂPQ|PU,8608520,2021-01-20,,2906,
F143310111353,F1(w),43(F{),3(),1({),BŌ앟w,F{ʖsxWWW,8650062,2021-01-20,,2907,
F143310111362,F1(w),43(F{),3(),1({),yw,F{vSD厚쎚PUTWԒn,8613205,2021-01-20,,2908,
F143310111371,F1(w),43(F{),3(),1({),F{یȊww,F{F{ska򒬋T̍bRQTԒn,8615598,2021-01-20,,2909,
F243310111389,F2(Z),43(F{),3(),1({),DwZw,F{F{siQ|U|VW,8628678,2021-01-20,,5905,
F243310111398,F2(Z),43(F{),3(),1({),BZw,F{sRVSSRW,8660074,2021-01-20,,5908,
G143110111408,G1(),43(F{),1(),1({),F{wZ,F{sRVQUQV,8660074,2021-01-20,,6729,
F144110111418,F1(w),44(啪),1(),1({),啪w,啪啪s厚U쌴VOOԒn,8701192,2021-01-20,,0528,
F144210111425,F1(w),44(啪),2(),1({),啪ŌȊww,啪啪sQXSS|X,8701201,2021-01-20,,1334,
F144310111432,F1(w),44(啪),3(),1({),{w,啪啪s厚؂PVQVԒnPUQ,8700397,2021-01-20,,2914,
F144310111441,F1(w),44(啪),3(),1({),ʕ{w,啪ʕ{s厚kΊ_WQ,8748501,2021-01-20,,2915,
F144310111450,F1(w),44(啪),3(),1({),كAWAmw,啪ʕ{s\P|P,8748577,2021-01-20,,2916,
F244210111460,F2(Z),44(啪),2(),1({),啪|pZw,啪啪suP|PP,8700833,2021-01-20,,4612,
F244310111477,F2(Z),44(啪),3(),1({),啪Zw,啪啪s㒬R|R|W,8700033,2021-01-20,,5914,
F244310111486,F2(Z),44(啪),3(),1({),BZw,啪ÎscQPP,8710014,2021-01-20,,5916,
F244310111495,F2(Z),44(啪),3(),1({),ʕ{awZw,啪ʕ{s厚cʎRVW,8740016,2021-01-20,,5917,
F244310111501,F2(Z),44(啪),3(),1({),ʕ{wZw,啪ʕ{s厚kΊ_WQ,8748501,2021-01-20,,5918,
G144110111513,G1(),44(啪),1(),1({),啪HƍwZ,啪啪s厚qPUUU,8700152,2021-01-20,,6708,
F145110111523,F1(w),45({),1(),1({),{w,{茧{sw؉ԑ䐼PڂPԒn,8892192,2021-01-20,,0532,
F145210111530,F1(w),45({),2(),1({),{w,{茧{sDˈ꒚ڂP|Q,8808520,2021-01-20,,1336,
F145210111549,F1(w),45({),2(),1({),{茧Ōw,{茧{s܂ȂіR|T|P,8800929,2021-01-20,,1338,
F145310111556,F1(w),45({),3(),1({),Bw,{茧{sTڂPԒnQ,8800032,2021-01-20,,2929,
F145310111565,F1(w),45({),3(),1({),{Yƌocw,{茧{sÏ钬۔POO,8800931,2021-01-20,,2930,
F145310111574,F1(w),45({),3(),1({),{荑ۑw,{茧{s[PSOTԒn@,8891605,2021-01-20,,2931,
F145310111583,F1(w),45({),3(),1({),BÉȊww,{茧sg쒬PVPSԂP,8820072,2021-01-20,,2932,
F245310111591,F2(Z),45({),3(),1({),BwZw,{茧{sTڂPԒnQ,8800032,2021-01-20,,5931,
F245310111608,F2(Z),45({),3(),1({),{wZw,{茧{s[PSPTԒn,8891605,2021-01-20,,5932,
G145110111610,G1(),45({),1(),1({),sHƍwZ,{茧ssgSVR|P,8858567,2021-01-20,,6712,
F146110111620,F1(w),46(),1(),1({),w,sSP|QP|QS,8900065,2021-01-20,,0396,
F146110111639,F1(w),46(),1(),1({),̈w,sP,8912311,2021-01-20,,0480,
F146310111644,F1(w),46(),3(),1({),ۑw,sVWڂRSԂP,8910197,2021-01-20,,2942,
F146310111653,F1(w),46(),3(),1({),Hȑw,sP|PO|Q,8994395,2021-01-20,,2943,
F146310111662,F1(w),46(),3(),1({),u{ّw,sP|TX|P,8908504,2021-01-20,,2945,
F146310111671,F1(w),46(),3(),1({),Sw,FsVCQRUTԒn,8950011,2021-01-20,,2946,
F246210111681,F2(Z),46(),2(),1({),Zw,sɕ~P|TQ|P,8900005,2021-01-20,,4620,
F246310111698,F2(Z),46(),3(),1({),SqZw,sS|QQ|P,8908525,2021-01-20,,5943,
F246310111705,F2(Z),46(),3(),1({),qZw,s풬U|X,8908565,2021-01-20,,5944,
F246310111714,F2(Z),46(),3(),1({),cZw,s꒚ڂPO|Q,8994395,2021-01-20,,5946,
G146110111726,G1(),46(),1(),1({),HƍwZ,sl^FPSUO|P,8995193,2021-01-20,,6716,
F147110111736,F1(w),47(),1(),1({),w,ꌧS猴PԒn,9030213,2021-01-20,,0400,
F147210111743,F1(w),47(),2(),1({),w,ꌧsזPQQO|P,9058585,2021-01-20,,1347,
F147210111752,F1(w),47(),2(),1({),ꌧ|pw,ꌧߔes񗢓P|S,9038602,2021-01-20,,1348,
F147210111761,F1(w),47(),2(),1({),ꌧŌw,ꌧߔes^VPڂQSԂP,9028513,2021-01-20,,1349,
F147310111778,F1(w),47(),3(),1({),ȊwZpw@w,ꌧS[JPXPXԒnP,9040495,2021-01-20,,2952,
F147310111787,F1(w),47(),3(),1({),ꍑۑw,ꌧXpsXpQ|U|P,9012701,2021-01-20,,2953,
F147310111796,F1(w),47(),3(),1({),w,ꌧߔesTTT,9028521,2021-01-20,,2954,
F147310111803,F1(w),47(),3(),1({),LXgw@w,ꌧSVVVԒn,9030207,2021-01-20,,2956,
F247310111811,F2(Z),47(),3(),1({),LXgZw,ꌧSVVVԒn,9030207,2021-01-20,,5953,
F247310111820,F2(Z),47(),3(),1({),ꏗqZw,ꌧKS^ߌlPԒn,9011304,2021-01-20,,5954,
G147110111832,G1(),47(),1(),1({),HƍwZ,ꌧsӖÂXOT,9052192,2021-01-20,,6732,
